Species,Country.of.Origin,Region,Bag.Weight,In.Country.Partner,Harvest.Year,Variety,Processing.Method,Color,Number.of.Bags,Total.Cup.Points,Moisture,Category.One.Defects,Quakers,Category.Two.Defects,altitude_mean_meters,grading_year,grading_month
0,8,106,37,14,13,28,4,2,300,90.58,0.12,0,0.0,0,2075.0,2015,4
0,8,106,37,14,13,14,4,2,300,89.92,0.12,0,0.0,1,2075.0,2015,4
0,8,211,37,14,13,28,0,2,320,89.0,0.11,0,0.0,2,2000.0,2015,3
0,8,106,37,14,13,14,4,2,300,88.83,0.12,0,0.0,2,2075.0,2015,4
0,8,261,37,14,13,14,0,2,50,88.25,0.1,0,0.0,4,1822.5,2015,3
0,8,211,37,14,13,28,0,3,300,88.08,0.1,0,0.0,1,1905.0,2015,3
0,30,10,2,2,13,14,4,3,10,87.92,0.0,0,0.0,0,1872.0,2015,3
0,30,10,2,2,13,14,4,3,10,87.92,0.0,0,0.0,0,1943.0,2015,3
0,30,10,2,2,13,14,4,3,10,87.58,0.0,0,0.0,0,2080.0,2015,3
0,2,318,37,25,15,3,4,2,3,87.25,0.1,0,0.0,0,1450.0,2016,4
0,8,101,37,6,13,7,0,3,250,87.25,0.0,0,0.0,8,1850.0,2015,3
0,30,10,2,2,13,14,4,3,10,87.25,0.0,0,0.0,0,2019.0,2015,3
0,4,240,23,18,13,5,4,2,250,87.17,0.11,0,0.0,2,1300.0,2014,4
0,18,307,2,0,10,14,4,2,14,87.17,0.13,0,0.0,0,1320.0,2012,7
0,30,10,2,2,13,14,4,3,10,87.08,0.0,0,0.0,0,2112.0,2015,3
0,0,265,37,15,8,2,0,2,3,86.92,0.12,0,0.0,2,1250.0,2011,12
0,29,132,37,24,11,20,4,2,100,86.83,0.12,0,0.0,1,1950.0,2014,6
0,11,65,40,12,17,5,5,2,275,86.67,0.1,0,0.0,3,1400.0,2017,5
0,26,153,33,18,15,24,2,2,20,86.58,0.0,0,0.0,0,1200.0,2016,5
0,0,295,37,15,8,2,0,2,29,86.42,0.12,0,0.0,2,1300.0,2011,12
0,4,302,17,19,16,5,4,0,250,86.33,0.0,0,0.0,0,1300.0,2015,12
0,8,211,37,14,13,28,0,2,320,86.25,0.1,0,0.0,3,1775.0,2015,3
0,14,187,2,13,11,22,4,0,320,86.25,0.12,0,0.0,1,1800.0,2014,5
0,30,10,2,2,13,14,4,3,10,86.17,0.0,0,0.0,0,1941.0,2015,3
0,28,46,2,18,10,5,4,2,53,86.17,0.1,1,0.0,9,1300.0,2012,4
0,0,270,37,18,6,27,5,3,300,86.17,0.08,0,0.0,2,12.0,2011,1
0,0,270,37,18,6,27,5,3,300,86.17,0.01,0,0.0,3,12.0,2011,1
0,26,193,9,18,15,2,3,2,10,86.08,0.12,0,0.0,0,1000.0,2015,6
0,14,201,37,13,13,21,0,1,12,86.08,0.11,0,0.0,2,1754.0,2015,1
0,0,265,37,15,8,2,3,0,7,86.08,0.11,0,0.0,2,1250.0,2011,12
0,3,290,15,18,11,5,4,2,1,86.0,0.12,1,0.0,1,1200.0,2014,3
0,14,140,2,18,11,21,4,2,1,86.0,0.11,0,0.0,1,1860.0,2014,2
0,29,260,37,1,10,14,4,0,1,86.0,0.1,0,0.0,0,1650.0,2012,2
0,8,251,36,11,5,28,5,3,300,86.0,0.01,0,0.0,4,1750.0,2010,6
0,29,87,37,24,11,20,0,2,1,85.92,0.12,0,0.0,0,1650.0,2014,6
0,3,112,41,2,11,5,4,0,275,85.92,0.0,1,0.0,0,1800.0,2013,7
0,21,27,37,19,19,8,4,1,37,85.83,0.08,0,1.0,0,1600.0,2017,10
0,8,211,37,14,13,28,4,2,320,85.83,0.1,0,0.0,4,1900.0,2015,4
0,9,1,2,3,10,2,4,2,150,85.83,0.12,0,0.0,3,1524.0,2012,7
0,9,200,2,3,10,4,4,1,275,85.83,0.1,0,0.0,1,1417.32,2012,6
0,22,88,37,18,10,28,4,1,7,85.75,0.12,0,0.0,1,1700.0,2012,10
0,7,11,15,18,11,2,4,0,275,85.58,0.1,0,0.0,3,1500.0,2013,3
0,7,16,2,18,10,2,3,3,19,85.58,0.11,0,0.0,0,1350.0,2013,1
0,21,27,37,6,13,5,0,3,100,85.5,0.09,2,0.0,2,1680.0,2015,5
0,14,142,37,6,13,21,0,2,16,85.5,0.1,0,0.0,3,1900.0,2015,5
0,8,211,37,14,15,14,0,2,320,85.5,0.12,0,0.0,7,1900.0,2015,3
0,29,30,37,24,11,20,4,2,320,85.5,0.12,0,0.0,1,1600.0,2014,6
0,9,111,40,3,11,2,4,2,250,85.5,0.11,0,0.0,1,1731.264,2013,2
0,29,131,37,24,11,20,4,2,150,85.42,0.12,0,0.0,5,1950.0,2014,6
0,0,265,37,15,8,2,3,0,5,85.42,0.11,0,0.0,1,1250.0,2011,12
0,7,11,3,18,4,28,5,3,2,85.42,0.01,0,0.0,0,1400.0,2010,5
0,2,318,37,25,15,3,0,2,3,85.33,0.1,0,0.0,0,1700.0,2016,4
0,9,111,24,6,13,15,0,2,36,85.33,0.11,0,0.0,1,1770.0,2015,5
0,4,304,23,18,13,5,4,1,250,85.33,0.0,0,0.0,0,1300.0,2014,5
0,4,240,23,18,13,5,4,1,250,85.33,0.1,0,0.0,2,1300.0,2014,5
0,14,38,37,13,10,22,4,2,20,85.33,0.0,0,0.0,2,1600.0,2013,4
0,14,38,37,13,10,22,4,2,300,85.33,0.0,0,0.0,6,1200.0,2013,3
0,3,245,41,2,15,5,4,2,275,85.25,0.11,0,0.0,0,1550.0,2015,4
0,3,245,41,2,13,5,0,2,250,85.25,0.12,0,0.0,2,1550.0,2014,1
0,13,157,37,18,10,25,3,2,54,85.17,0.11,0,0.0,3,1325.0,2012,11
0,9,111,2,18,10,5,4,3,250,85.17,0.0,0,0.0,7,1400.0,2012,1
0,3,215,41,2,15,5,0,3,250,85.08,0.0,0,0.0,0,2560.0,2015,8
0,8,12,37,18,13,28,0,2,100,85.08,0.1,2,0.0,7,1700.0,2014,10
0,3,72,41,2,10,5,0,2,250,85.08,0.11,0,0.0,8,2136.0,2012,3
0,29,89,37,24,17,20,4,2,200,85.0,0.11,0,0.0,1,1800.0,2017,7
0,4,279,30,18,17,4,4,2,36,85.0,0.12,1,1.0,1,1900.0,2017,1
0,18,297,24,9,15,26,4,2,1,85.0,0.09,0,0.0,3,1300.0,2016,9
0,14,38,37,13,10,22,4,2,38,85.0,0.0,0,0.0,5,1580.0,2013,4
0,0,103,37,15,10,13,0,2,31,85.0,0.12,0,0.0,3,1100.0,2012,2
0,18,173,2,18,7,15,5,3,1,85.0,0.0,0,0.0,0,1400.0,2011,4
0,9,59,40,18,5,28,5,3,275,85.0,0.04,0,0.0,1,1325.88,2010,9
0,3,112,41,2,15,5,4,2,252,84.92,0.12,0,0.0,1,1775.0,2015,10
0,26,193,29,18,15,26,3,2,20,84.92,0.11,0,0.0,0,800.0,2015,6
0,27,168,37,1,13,14,4,2,134,84.92,0.12,0,0.0,2,1620.0,2014,12
0,3,112,41,2,10,5,4,2,50,84.92,0.11,0,0.0,3,1775.0,2012,12
0,18,61,2,0,10,26,3,3,25,84.92,0.11,0,0.0,0,1200.0,2012,7
0,0,265,37,15,8,2,0,2,4,84.92,0.11,0,0.0,2,1200.0,2011,12
0,0,265,37,15,8,4,0,2,10,84.92,0.12,0,0.0,2,1000.0,2011,12
0,26,85,18,18,17,26,0,2,10,84.83,0.0,0,0.0,0,350.0,2016,5
0,29,87,37,24,11,20,0,2,1,84.83,0.12,0,0.0,1,1650.0,2014,6
0,8,251,36,11,5,28,5,3,300,84.83,0.1,0,0.0,2,1750.0,2010,6
0,8,251,36,11,5,28,5,3,300,84.83,0.1,0,0.0,4,1750.0,2010,6
0,14,201,37,13,13,22,4,2,150,84.75,0.13,0,0.0,0,1800.0,2015,6
0,11,164,2,12,13,4,4,2,275,84.75,0.11,0,0.0,4,1450.0,2014,4
0,7,241,40,18,7,28,5,3,250,84.75,0.15,0,0.0,3,1200.0,2011,8
0,20,127,36,18,3,28,5,3,2,84.75,0.18,0,0.0,2,925.0,2010,5
0,7,11,40,16,17,2,4,0,150,84.67,0.0,0,0.0,2,1350.0,2017,6
0,13,280,2,20,17,9,4,2,2,84.67,0.12,0,0.0,7,1200.0,2016,11
0,4,279,40,19,15,4,4,0,15,84.67,0.1,0,0.0,2,1150.0,2016,10
0,9,1,25,3,15,2,4,2,120,84.67,0.1,0,0.0,1,1600.0,2016,6
0,4,279,4,19,13,5,4,2,50,84.67,0.12,0,0.0,0,1750.0,2015,7
0,8,315,24,6,13,7,4,3,250,84.67,0.1,0,0.0,3,1900.0,2015,5
0,4,70,40,6,13,14,1,2,20,84.67,0.08,0,0.0,1,1750.0,2015,5
0,4,304,2,19,13,4,4,2,275,84.67,0.11,0,0.0,4,1200.0,2014,3
0,26,274,24,6,12,26,4,2,10,84.67,0.11,0,0.0,0,1000.0,2013,12
0,3,245,41,2,11,5,4,2,250,84.67,0.0,0,0.0,0,1550.0,2013,12
0,14,201,37,21,10,21,4,1,235,84.67,0.11,0,0.0,0,2000.0,2012,9
0,9,210,2,3,10,2,4,2,250,84.67,0.11,0,0.0,4,1310.64,2012,7
0,9,1,2,3,10,2,4,2,125,84.67,0.12,0,0.0,4,1524.0,2012,7
0,18,95,2,0,10,26,4,3,80,84.67,0.13,0,0.0,3,1200.0,2012,7
0,29,167,37,1,10,14,4,0,320,84.67,0.11,0,0.0,3,1775.0,2012,2
0,8,251,36,11,5,28,5,3,300,84.67,0.2,0,0.0,3,1750.0,2010,6
0,3,245,41,2,17,14,4,0,250,84.58,0.0,0,0.0,4,1500.0,2017,1
0,14,201,37,13,11,18,4,1,100,84.58,0.1,0,0.0,2,1800.0,2014,7
0,9,124,40,3,13,16,4,2,250,84.58,0.11,0,0.0,1,1524.0,2014,5
0,9,210,40,3,13,2,4,2,250,84.58,0.09,0,0.0,0,1219.2,2014,3
0,3,245,41,2,11,5,4,3,250,84.58,0.0,0,0.0,0,1550.0,2013,12
0,3,112,41,2,11,5,4,3,75,84.58,0.0,0,0.0,5,1750.0,2013,12
0,3,112,41,2,10,5,4,2,250,84.58,0.0,0,0.0,2,1750.0,2013,7
0,4,292,2,18,10,2,3,1,1,84.58,0.12,0,0.0,2,1575.0,2013,3
0,3,112,41,2,10,5,4,2,250,84.58,0.11,0,0.0,6,1800.0,2012,10
0,0,295,37,15,8,2,3,2,37,84.58,0.12,0,0.0,2,1300.0,2011,12
0,0,182,37,15,8,4,3,0,35,84.58,0.11,0,0.0,1,1100.0,2011,12
0,4,296,13,19,20,5,4,1,275,84.5,0.1,0,0.0,2,1200.0,2017,11
0,29,89,6,24,17,20,4,2,200,84.5,0.11,0,0.0,1,1750.0,2017,3
0,2,318,37,25,15,3,4,2,3,84.5,0.1,0,0.0,1,1680.0,2016,4
0,4,279,4,19,13,5,4,2,250,84.5,0.11,0,0.0,0,1700.0,2015,7
0,3,35,15,2,16,14,4,2,275,84.5,0.12,1,0.0,0,1800.0,2015,6
0,2,318,15,18,11,14,4,2,1,84.5,0.0,0,0.0,2,1100.0,2014,6
0,9,210,40,3,11,2,4,2,250,84.5,0.11,0,0.0,2,1310.64,2013,2
0,14,201,37,21,10,21,4,0,235,84.5,0.11,0,0.0,0,2000.0,2012,9
0,18,114,2,0,10,26,4,2,56,84.5,0.12,0,0.0,0,1350.0,2012,7
0,18,125,2,0,10,26,4,3,250,84.5,0.11,0,0.0,4,1500.0,2012,6
0,4,279,40,19,17,5,4,0,275,84.42,0.1,0,0.0,3,1300.0,2017,3
0,13,272,24,18,19,10,1,0,200,84.42,0.0,0,0.0,3,1400.0,2017,3
0,3,112,41,2,13,5,4,2,275,84.42,0.0,0,0.0,3,1775.0,2014,7
0,26,181,15,18,10,26,4,0,2,84.42,0.11,0,0.0,0,1200.0,2013,7
0,18,278,2,0,10,15,4,3,69,84.42,0.12,2,0.0,4,900.0,2012,6
0,14,201,37,13,20,21,4,2,150,84.33,0.11,0,0.0,4,1800.0,2017,8
0,11,65,38,12,17,5,5,2,275,84.33,0.1,0,0.0,3,1500.0,2017,5
0,11,39,40,12,17,4,4,2,275,84.33,0.11,0,1.0,2,1500.0,2016,4
0,3,112,41,2,15,5,0,2,250,84.33,0.11,6,0.0,0,442.0,2015,4
0,3,112,41,2,11,5,4,2,275,84.33,0.0,0,0.0,0,1800.0,2013,7
0,18,294,43,0,10,26,4,0,100,84.33,0.12,0,0.0,1,1700.0,2012,7
0,0,295,37,15,8,27,5,3,75,84.33,0.0,0,0.0,4,1275.0,2011,10
0,0,265,37,15,8,28,5,3,80,84.33,0.02,0,0.0,2,1050.0,2011,10
0,26,334,31,18,17,26,4,0,10,84.25,0.12,0,0.0,0,1000.0,2017,8
0,28,47,20,21,15,3,0,2,20,84.25,0.12,0,0.0,0,1200.0,2016,11
0,3,192,41,2,17,5,0,2,275,84.25,0.11,0,0.0,2,2560.0,2016,8
0,9,111,40,3,15,5,4,2,275,84.25,0.1,0,0.0,1,1099.4136,2016,4
0,2,318,37,25,15,3,0,2,3,84.25,0.1,0,0.0,1,1400.0,2016,4
0,3,112,41,2,15,5,4,2,275,84.25,0.11,0,0.0,3,1775.0,2015,11
0,3,112,41,2,15,5,4,2,248,84.25,0.12,4,0.0,2,1775.0,2015,10
0,3,35,15,2,16,14,4,2,275,84.25,0.12,0,0.0,0,1800.0,2015,6
0,3,112,41,2,15,5,0,2,250,84.25,0.12,3,0.0,0,442.0,2015,4
0,27,250,37,1,13,14,4,2,10,84.25,0.12,0,0.0,7,1620.0,2014,12
0,27,168,37,1,13,14,4,2,65,84.25,0.12,0,0.0,2,1600.0,2014,12
0,9,210,40,3,13,2,1,2,250,84.25,0.1,0,0.0,1,1219.2,2014,8
0,3,35,41,2,11,5,4,2,250,84.25,0.11,0,0.0,2,1700.0,2013,10
0,18,239,2,0,10,26,3,2,10,84.25,0.12,0,0.0,1,1450.0,2012,9
0,18,297,2,0,10,2,4,2,20,84.25,0.12,0,0.0,0,1170.0,2012,4
0,18,146,2,0,10,2,4,1,250,84.25,0.1,0,0.0,4,1400.0,2012,4
0,9,237,40,3,19,2,4,2,50,84.17,0.13,0,0.0,1,1700.0,2017,6
0,4,279,40,19,17,5,4,1,150,84.17,0.09,0,0.0,2,1700.0,2016,8
0,9,111,40,3,17,5,4,2,275,84.17,0.11,0,0.0,6,1116.7872,2016,6
0,9,263,40,3,17,5,4,2,377,84.17,0.1,0,1.0,10,1565.0,2016,6
0,9,198,40,3,17,2,4,2,130,84.17,0.1,0,0.0,2,3280.0,2016,6
0,3,112,41,2,15,5,4,1,275,84.17,0.0,0,0.0,0,1775.0,2015,8
0,20,127,15,19,15,5,0,1,275,84.17,0.12,0,0.0,0,1000.0,2015,8
0,0,41,35,8,15,4,0,3,305,84.17,0.0,0,0.0,16,1150.0,2015,4
0,4,279,40,17,13,5,4,0,320,84.17,0.0,0,0.0,0,1850.0,2015,4
0,8,262,37,14,13,8,0,2,320,84.17,0.1,0,0.0,5,1606.5,2015,3
0,27,13,37,1,13,14,4,2,10,84.17,0.13,0,0.0,0,1400.0,2014,12
0,3,112,2,2,14,14,4,2,250,84.17,0.12,0,0.0,4,1530.0,2014,10
0,14,139,12,13,11,21,4,2,300,84.17,0.08,0,0.0,0,250.5,2013,11
0,0,174,15,18,10,13,0,2,1,84.17,0.11,0,0.0,3,1038.5,2013,5
0,9,210,40,3,11,2,4,2,250,84.17,0.11,0,0.0,4,1310.64,2013,5
0,7,11,15,18,11,2,0,1,275,84.17,0.11,0,0.0,2,1500.0,2013,3
0,3,112,41,2,10,5,4,2,250,84.17,0.0,0,0.0,2,1750.0,2012,10
0,29,184,37,1,10,14,4,2,320,84.17,0.11,0,0.0,1,1600.0,2012,2
0,26,190,18,18,17,26,4,1,10,84.08,0.1,0,0.0,4,968.0,2016,5
0,3,112,41,2,13,5,4,3,200,84.08,0.0,0,0.0,2,1775.0,2014,11
0,9,5,15,18,13,2,4,1,1,84.08,0.1,0,0.0,10,1550.0,2014,6
0,18,246,2,0,10,26,4,2,300,84.08,0.11,1,0.0,10,1480.0,2012,9
0,8,98,37,18,10,14,0,3,100,84.08,0.09,0,0.0,15,1800.0,2012,8
0,11,65,38,12,19,5,4,2,275,84.0,0.1,0,0.0,5,1500.0,2017,5
0,9,111,40,3,15,5,4,2,275,84.0,0.12,0,0.0,7,1706.88,2015,6
0,3,112,2,2,14,14,4,2,250,84.0,0.11,2,0.0,7,1600.0,2014,12
0,9,210,40,3,13,2,0,2,250,84.0,0.1,0,0.0,1,1219.2,2014,8
0,9,210,40,3,13,2,1,2,250,84.0,0.1,0,0.0,0,1219.2,2014,6
0,3,112,2,2,13,28,4,2,250,84.0,0.12,0,0.0,0,1480.0,2014,5
0,3,245,41,2,13,5,0,2,250,84.0,0.12,0,0.0,0,1450.0,2014,5
0,3,112,41,2,13,5,4,2,138,84.0,0.12,0,0.0,3,1775.0,2014,4
0,0,265,37,18,12,27,0,2,320,84.0,0.1,0,0.0,0,1260.0,2014,1
0,3,35,41,2,11,5,4,2,270,84.0,0.11,0,0.0,1,1700.0,2013,6
0,14,24,37,13,10,22,4,2,300,84.0,0.0,0,0.0,2,1200.0,2013,3
0,14,38,44,13,10,21,4,1,150,84.0,0.0,0,0.0,0,1650.0,2012,5
0,0,265,37,8,20,2,0,2,320,83.92,0.0,0,0.0,3,890.0,2017,10
0,18,297,40,9,19,13,4,2,200,83.92,0.11,0,0.0,5,1300.0,2017,7
0,28,48,29,18,15,3,0,1,45,83.92,0.1,0,0.0,1,1350.0,2016,10
0,0,265,37,8,17,2,0,2,320,83.92,0.11,0,2.0,7,934.0,2016,8
0,26,154,33,18,15,26,4,2,20,83.92,0.11,0,0.0,3,1200.0,2016,5
0,3,112,41,2,17,28,5,2,250,83.92,0.11,1,0.0,2,442.0,2016,2
0,3,112,41,2,13,5,4,2,275,83.92,0.0,0,0.0,1,1775.0,2014,12
0,26,327,37,6,13,26,4,2,10,83.92,0.06,0,0.0,0,950.0,2014,11
0,3,245,41,2,13,5,0,2,250,83.92,0.12,0,0.0,3,1550.0,2014,1
0,18,145,2,0,10,26,4,3,250,83.92,0.11,0,0.0,2,1500.0,2012,6
0,18,151,2,0,10,26,4,2,20,83.92,0.0,0,0.0,2,1400.0,2012,4
0,3,192,41,2,19,5,4,2,275,83.83,0.0,1,0.0,6,2527.0,2017,6
0,4,279,40,19,15,5,4,0,275,83.83,0.0,0,0.0,0,1850.0,2016,6
0,26,332,24,6,17,28,5,3,167,83.83,0.0,0,0.0,0,1200.0,2016,2
0,0,265,15,8,16,27,0,2,320,83.83,0.0,0,0.0,0,1.0,2015,10
0,26,85,11,18,13,26,4,2,8,83.83,0.0,0,0.0,1,525.0,2015,4
0,8,211,37,14,13,28,0,2,320,83.83,0.12,0,0.0,4,1676.5,2015,3
0,0,265,15,18,14,2,3,2,300,83.83,0.0,0,0.0,1,1200.0,2014,10
0,4,40,2,19,11,4,4,2,250,83.83,0.1,0,0.0,3,1300.0,2014,6
0,9,210,40,3,13,2,4,2,250,83.83,0.1,0,0.0,1,1219.2,2014,5
0,0,265,37,18,12,27,0,2,320,83.83,0.1,0,0.0,0,1260.0,2013,12
0,6,223,32,18,11,28,0,1,1,83.83,0.09,0,0.0,0,800.0,2013,10
0,3,112,41,2,11,5,4,2,250,83.83,0.11,0,0.0,1,1750.0,2013,9
0,9,210,40,3,11,2,4,2,250,83.83,0.11,0,0.0,3,1310.64,2013,4
0,18,217,2,0,10,2,0,2,20,83.83,0.1,0,0.0,2,1218.0,2012,7
0,18,146,2,0,10,16,0,3,250,83.83,0.11,0,0.0,4,1300.0,2012,6
0,0,34,2,15,9,27,3,2,300,83.83,0.12,0,0.0,3,1250.0,2011,12
0,28,80,33,18,8,28,5,3,175,83.83,0.02,0,0.0,2,1499.9208,2011,9
0,0,265,37,8,20,2,0,2,320,83.75,0.11,0,0.0,5,890.0,2017,10
0,3,112,41,2,19,5,4,2,275,83.75,0.11,0,0.0,1,442.0,2017,9
0,26,329,5,18,17,26,0,2,10,83.75,0.0,0,0.0,0,750.0,2017,6
0,2,318,37,25,15,3,4,2,3,83.75,0.1,0,1.0,2,1650.0,2016,4
0,3,112,41,2,16,5,0,2,250,83.75,0.0,0,0.0,0,442.0,2015,11
0,29,303,37,24,11,2,0,2,320,83.75,0.12,0,0.0,0,1400.0,2014,6
0,32,312,32,18,11,14,4,2,18,83.75,0.12,0,0.0,1,853.44,2014,6
0,3,112,41,2,13,5,4,2,100,83.75,0.0,0,0.0,5,1775.0,2014,2
0,3,112,41,2,13,14,4,2,250,83.75,0.0,0,0.0,3,1550.0,2014,1
0,3,112,41,2,11,5,4,0,250,83.75,0.0,0,0.0,1,1750.0,2013,11
0,3,112,41,2,11,5,4,2,275,83.75,0.11,0,0.0,3,1750.0,2013,8
0,18,110,2,0,10,5,0,3,10,83.75,0.13,5,0.0,5,700.0,2012,9
0,9,226,23,18,10,5,4,1,250,83.75,0.11,0,0.0,1,1300.0,2012,5
0,3,72,41,2,25,28,5,3,250,83.75,0.06,0,0.0,1,1600.0,2011,2
0,0,265,37,8,20,2,0,2,320,83.67,0.11,0,0.0,2,890.0,2017,10
0,14,172,37,13,19,21,4,1,200,83.67,0.11,0,0.0,0,1700.0,2017,9
0,11,65,40,12,17,5,4,2,285,83.67,0.1,0,0.0,2,1400.0,2017,5
0,20,127,40,12,17,5,4,2,275,83.67,0.1,0,0.0,3,1250.0,2017,5
0,0,265,37,8,17,2,0,2,320,83.67,0.11,0,2.0,3,934.0,2016,8
0,26,153,33,18,15,5,0,1,20,83.67,0.1,0,0.0,0,1200.0,2016,5
0,28,285,2,18,13,28,4,1,1,83.67,0.12,0,0.0,0,800.0,2015,6
0,3,112,17,18,14,5,4,3,100,83.67,0.11,0,0.0,4,1625.0,2014,11
0,9,111,40,3,13,2,4,2,275,83.67,0.1,0,0.0,0,1356.6648,2014,2
0,3,113,41,2,11,5,4,2,250,83.67,0.0,0,0.0,3,1750.0,2013,10
0,3,112,41,2,11,5,4,2,250,83.67,0.0,0,0.0,1,1900.0,2013,8
0,9,210,40,3,11,2,4,2,250,83.67,0.12,1,0.0,3,1310.64,2013,5
0,9,210,40,3,11,2,4,2,250,83.67,0.11,0,0.0,2,1310.64,2013,2
0,3,112,41,2,10,5,4,2,250,83.67,0.11,0,0.0,1,1750.0,2012,11
0,9,210,2,18,10,5,0,2,250,83.67,0.11,0,0.0,1,1450.0,2012,8
0,9,210,2,3,10,2,4,2,250,83.67,0.11,0,0.0,13,1310.64,2012,7
0,18,308,2,0,10,26,4,2,48,83.67,0.12,4,0.0,11,1100.0,2012,7
0,13,86,37,20,10,26,4,2,10,83.67,0.12,0,0.0,0,1400.0,2012,5
0,9,229,40,3,10,5,4,2,250,83.67,0.1,0,0.0,0,1524.0,2012,4
0,0,265,37,8,20,2,0,2,320,83.58,0.11,0,0.0,5,890.0,2017,10
0,9,111,40,3,17,5,4,2,275,83.58,0.11,0,1.0,0,1128.3696,2016,7
0,2,318,37,25,15,3,4,2,3,83.58,0.1,0,1.0,4,1100.0,2016,4
0,3,112,41,2,15,5,4,2,275,83.58,0.12,0,0.0,3,1775.0,2015,11
0,18,50,15,4,13,5,4,2,275,83.58,0.12,1,0.0,13,1200.0,2015,5
0,8,315,37,6,13,14,4,3,250,83.58,0.0,0,0.0,7,1850.0,2015,3
0,29,87,37,24,11,20,4,2,100,83.58,0.12,0,0.0,5,1800.0,2014,6
0,3,72,41,2,13,5,0,2,250,83.58,0.0,0,0.0,0,1600.0,2014,6
0,3,245,41,2,13,5,4,2,250,83.58,0.12,0,0.0,1,1550.0,2014,3
0,3,245,41,2,13,5,4,3,250,83.58,0.0,0,0.0,0,1550.0,2014,3
0,26,274,24,6,12,26,1,2,10,83.58,0.11,0,0.0,0,1000.0,2013,12
0,3,112,41,2,10,5,4,2,275,83.58,0.11,0,0.0,3,1775.0,2012,8
0,18,307,2,0,10,26,4,3,250,83.58,0.12,0,0.0,2,1000.0,2012,6
0,3,72,41,2,10,5,0,2,250,83.58,0.11,0,0.0,4,2136.0,2012,4
0,0,265,37,15,10,4,3,0,33,83.58,0.12,0,0.0,2,1100.0,2012,1
0,3,72,41,2,17,5,4,1,50,83.5,0.0,0,0.0,5,1799.0,2017,2
0,4,279,40,19,15,5,4,0,245,83.5,0.0,0,0.0,0,1850.0,2016,6
0,3,219,41,2,17,5,0,2,250,83.5,0.0,0,0.0,0,1000.0,2016,4
0,9,210,40,3,17,2,4,1,250,83.5,0.1,0,2.0,5,1219.2,2016,3
0,3,112,41,2,15,5,4,2,180,83.5,0.12,0,0.0,4,1775.0,2015,11
0,13,21,24,18,15,24,3,1,200,83.5,0.13,0,0.0,8,1500.0,2015,9
0,3,112,41,2,13,5,4,2,275,83.5,0.11,0,0.0,0,1850.0,2015,1
0,9,17,2,19,11,5,4,2,250,83.5,0.1,0,0.0,0,1400.0,2014,12
0,3,72,41,2,13,5,4,3,250,83.5,0.0,2,0.0,0,1650.0,2014,8
0,11,65,2,12,14,5,0,2,275,83.5,0.1,0,0.0,3,1350.0,2014,4
0,3,112,41,2,11,5,4,2,250,83.5,0.0,1,0.0,1,1750.0,2013,4
0,18,307,2,0,10,2,0,2,10,83.5,0.13,0,0.0,14,1170.0,2012,8
0,18,57,2,0,10,26,3,2,10,83.5,0.11,0,0.0,12,940.0,2012,8
0,18,291,2,0,10,15,4,2,15,83.5,0.12,0,0.0,0,1400.0,2012,7
0,9,17,40,3,10,5,4,2,275,83.5,0.1,0,0.0,5,1524.0,2012,4
0,3,112,41,2,10,5,4,2,175,83.5,0.11,0,0.0,0,1775.0,2012,2
0,9,210,15,18,10,2,4,2,250,83.5,0.0,3,0.0,12,1402.08,2012,2
0,13,26,37,20,22,28,5,3,10,83.5,0.0,0,0.0,0,1600.0,2010,11
0,3,112,21,2,20,5,4,2,300,83.42,0.0,0,2.0,1,439.0,2017,11
0,9,237,40,3,19,2,4,2,50,83.42,0.1,0,0.0,3,1700.0,2017,8
0,4,279,40,19,17,5,4,0,275,83.42,0.09,0,0.0,4,1850.0,2017,2
0,29,87,7,24,15,20,4,2,20,83.42,0.11,0,0.0,1,1800.0,2016,7
0,28,285,20,21,15,3,4,1,500,83.42,0.13,0,0.0,0,1200.0,2016,6
0,7,11,40,16,17,2,4,3,275,83.42,0.11,0,0.0,0,1330.0,2016,4
0,3,112,41,2,15,5,0,2,275,83.42,0.12,4,0.0,0,442.0,2015,4
0,27,135,37,1,13,2,4,2,39,83.42,0.13,0,0.0,4,1600.0,2014,12
0,3,112,41,2,14,5,4,2,250,83.42,0.12,0,0.0,1,1813.0,2014,10
0,9,210,40,3,11,2,0,2,250,83.42,0.1,0,0.0,1,1219.2,2014,8
0,9,9,40,3,13,5,4,2,250,83.42,0.1,0,0.0,2,1500.0,2014,2
0,9,210,40,3,11,2,4,2,250,83.42,0.11,0,0.0,0,1310.64,2013,7
0,3,72,41,2,10,5,4,2,250,83.42,0.11,0,0.0,2,1450.0,2012,6
0,3,112,41,2,17,5,4,3,275,83.33,0.0,0,1.0,0,1650.0,2016,11
0,0,265,15,18,16,4,3,2,10,83.33,0.1,1,0.0,5,1227.0,2015,10
0,18,49,2,4,13,5,4,2,275,83.33,0.12,0,0.0,2,1200.0,2015,7
0,3,245,41,2,15,5,4,2,275,83.33,0.11,0,0.0,1,1650.0,2015,4
0,27,13,37,1,13,14,3,2,10,83.33,0.12,0,0.0,6,1700.0,2014,12
0,18,297,2,0,11,14,4,2,200,83.33,0.12,0,0.0,0,1100.0,2014,7
0,4,240,23,18,13,5,4,2,250,83.33,0.12,0,0.0,3,1300.0,2014,4
0,4,40,2,19,11,4,4,2,250,83.33,0.11,0,0.0,3,1200.0,2014,2
0,10,286,28,18,10,26,4,2,2,83.33,0.11,0,0.0,4,1280.16,2013,10
0,3,219,41,2,11,5,0,2,250,83.33,0.11,0,0.0,1,1000.0,2013,4
0,9,210,40,3,11,2,4,2,250,83.33,0.11,0,0.0,3,1310.64,2013,2
0,1,138,37,18,10,2,4,3,220,83.33,0.0,0,0.0,5,1880.0,2012,8
0,3,112,41,2,10,5,4,2,250,83.33,0.0,0,0.0,1,1750.0,2012,5
0,18,254,33,9,19,26,4,0,50,83.25,0.11,0,0.0,0,1600.0,2017,3
0,4,279,30,18,17,4,2,2,29,83.25,0.11,0,0.0,0,1900.0,2017,1
0,9,200,0,3,17,16,4,2,275,83.25,0.11,0,2.0,7,2100.0,2016,8
0,3,112,26,2,16,5,0,2,304,83.25,0.0,0,0.0,2,442.0,2015,11
0,18,71,15,4,15,26,0,1,11,83.25,0.12,0,0.0,2,1261.0,2015,7
0,26,193,9,18,15,2,4,0,10,83.25,0.1,0,0.0,0,1000.0,2015,6
0,26,325,37,6,13,26,4,2,10,83.25,0.1,0,0.0,0,800.0,2014,11
0,3,90,41,2,13,5,0,2,250,83.25,0.0,0,0.0,0,1483.0,2014,6
0,9,9,40,3,13,5,4,2,26,83.25,0.1,0,0.0,1,1500.0,2014,3
0,3,112,41,2,11,5,4,2,275,83.25,0.11,0,0.0,1,1750.0,2013,8
0,18,49,2,0,11,2,4,2,200,83.25,0.12,0,0.0,6,1300.0,2013,3
0,18,100,2,0,10,5,4,0,54,83.25,0.12,0,0.0,0,1000.0,2012,7
0,9,210,2,3,10,2,4,2,250,83.25,0.11,0,0.0,9,1310.64,2012,7
0,0,103,37,15,10,27,3,0,30,83.25,0.11,0,0.0,1,1200.0,2012,2
0,3,112,41,2,10,5,4,2,250,83.25,0.12,0,0.0,1,175.0,2012,2
0,3,148,41,2,10,5,4,2,175,83.25,0.11,0,0.0,0,1775.0,2012,2
0,3,112,41,2,1,28,5,3,250,83.25,0.08,0,0.0,0,1700.0,2011,6
0,3,72,41,2,26,28,5,3,250,83.25,0.04,0,0.0,1,1800.0,2011,1
0,0,265,37,8,20,2,0,2,320,83.17,0.11,0,0.0,4,890.0,2017,10
0,9,210,40,3,19,2,4,2,275,83.17,0.1,0,0.0,1,1901.0,2017,8
0,27,178,37,22,17,2,4,2,320,83.17,0.12,0,0.0,3,168.0,2017,6
0,33,73,15,18,19,3,0,3,1,83.17,0.07,0,0.0,0,1550.0,2017,5
0,9,9,10,3,17,5,4,2,250,83.17,0.11,2,2.0,3,1500.0,2016,5
0,11,164,40,12,17,4,4,0,275,83.17,0.11,0,1.0,1,1450.0,2016,5
0,2,318,37,25,15,3,4,2,3,83.17,0.11,0,0.0,0,1200.0,2016,4
0,2,75,37,25,15,3,4,2,3,83.17,0.1,0,0.0,3,1600.0,2016,4
0,7,11,40,16,17,2,4,2,275,83.17,0.0,0,0.0,0,1350.0,2016,3
0,9,9,40,3,15,2,4,2,150,83.17,0.11,0,0.0,1,1500.0,2015,10
0,9,210,40,3,15,2,4,2,100,83.17,0.12,0,0.0,3,1650.0,2015,9
0,14,139,15,13,13,21,4,1,300,83.17,0.1,0,0.0,1,250.5,2015,7
0,28,285,2,18,13,28,4,1,1,83.17,0.12,0,0.0,0,800.0,2015,6
0,27,169,37,1,13,14,4,1,180,83.17,0.13,0,0.0,6,1653.0,2014,12
0,3,112,41,2,13,5,4,3,232,83.17,0.0,0,0.0,4,1775.0,2014,11
0,29,87,37,24,13,20,4,1,84,83.17,0.1,0,0.0,0,1800.0,2014,10
0,11,237,2,12,11,4,0,2,275,83.17,0.1,0,0.0,5,1450.0,2014,4
0,11,65,2,12,14,5,0,2,275,83.17,0.11,0,0.0,3,1350.0,2014,4
0,9,237,40,3,13,4,4,2,200,83.17,0.09,0,0.0,1,1524.0,2014,3
0,27,141,2,22,13,2,4,2,300,83.17,0.12,0,0.0,1,1800.0,2014,1
0,9,210,40,3,11,2,4,2,250,83.17,0.11,0,0.0,2,1310.64,2013,4
0,18,49,2,0,11,26,4,2,45,83.17,0.11,0,0.0,2,1500.0,2013,3
0,18,288,2,0,10,26,4,3,10,83.17,0.12,3,0.0,8,532.0,2012,9
0,18,231,2,0,10,15,4,3,10,83.17,0.14,0,0.0,10,1089.0,2012,9
0,3,112,41,2,10,5,4,2,275,83.17,0.11,1,0.0,2,1775.0,2012,8
0,18,234,2,0,10,26,4,2,15,83.17,0.13,0,0.0,5,700.0,2012,7
0,3,112,41,2,10,5,4,0,250,83.17,0.11,0,0.0,0,1750.0,2012,6
0,18,145,2,0,10,26,4,3,250,83.17,0.11,0,0.0,5,1380.0,2012,6
0,0,265,37,15,10,13,0,2,50,83.17,0.12,0,0.0,1,1000.0,2012,3
0,0,176,37,15,10,13,0,2,100,83.17,0.11,0,0.0,4,950.0,2012,2
0,9,210,15,18,10,2,4,2,250,83.17,0.0,0,0.0,10,1402.08,2012,2
0,0,265,37,15,8,13,3,0,25,83.17,0.12,0,0.0,3,1000.0,2011,12
0,0,265,37,15,8,28,5,3,90,83.17,0.02,0,0.0,2,900.0,2011,10
0,7,241,40,18,7,28,5,3,250,83.17,0.14,0,0.0,3,1200.0,2011,8
0,3,72,41,2,17,5,4,2,275,83.08,0.0,0,1.0,4,1799.0,2017,2
0,0,265,37,8,15,27,2,1,320,83.08,0.11,0,2.0,2,905.0,2016,4
0,0,265,15,8,16,27,0,2,320,83.08,0.0,0,0.0,3,1.0,2015,10
0,26,85,37,18,15,26,0,2,20,83.08,0.0,0,0.0,0,750.0,2015,5
0,0,265,15,18,14,2,4,2,300,83.08,0.0,0,0.0,1,1200.0,2014,10
0,4,40,2,19,13,4,4,2,250,83.08,0.1,0,0.0,3,1300.0,2014,7
0,26,51,24,6,12,26,1,3,50,83.08,0.11,0,0.0,0,1300.0,2013,12
0,18,242,2,0,10,14,4,3,10,83.08,0.1,0,0.0,1,1400.0,2012,6
0,3,35,41,2,24,28,5,3,250,83.08,0.08,1,0.0,3,1880.0,2011,2
0,13,81,37,20,6,28,5,3,10,83.08,0.0,0,0.0,0,1350.0,2010,11
0,0,265,37,8,20,2,0,2,320,83.0,0.0,0,0.0,4,890.0,2017,10
0,0,265,37,8,17,2,0,1,320,83.0,0.11,0,2.0,3,872.0,2016,8
0,29,137,37,24,15,2,4,2,310,83.0,0.12,0,0.0,6,1473.0,2016,7
0,3,112,41,2,17,28,5,2,25,83.0,0.11,0,0.0,4,442.0,2016,2
0,33,299,15,18,13,5,1,2,2,83.0,0.0,0,0.0,0,1550.0,2015,12
0,9,200,40,3,15,4,4,2,275,83.0,0.11,0,0.0,3,1550.0,2015,7
0,9,96,40,3,15,4,4,2,200,83.0,0.11,0,0.0,2,1371.6,2015,6
0,9,9,40,3,15,2,4,2,250,83.0,0.11,0,0.0,2,1500.0,2015,4
0,0,108,15,8,13,4,0,2,305,83.0,0.0,0,0.0,0,1000.0,2015,2
0,26,333,37,6,13,26,4,2,10,83.0,0.08,0,0.0,0,1200.0,2014,11
0,29,131,37,24,11,20,4,2,300,83.0,0.12,0,0.0,0,1800.0,2014,6
0,32,312,32,18,11,14,4,1,17,83.0,0.0,0,0.0,0,853.44,2014,6
0,9,9,40,3,13,2,4,2,26,83.0,0.1,1,0.0,0,1500.0,2014,3
0,4,40,2,19,11,4,4,2,250,83.0,0.11,0,0.0,3,1200.0,2014,2
0,0,269,15,18,12,27,3,1,250,83.0,0.12,0,0.0,4,1250.0,2014,1
0,3,112,41,2,11,5,4,2,120,83.0,0.11,1,0.0,1,1775.0,2013,11
0,3,112,41,2,11,5,4,2,250,83.0,0.0,0,0.0,0,1750.0,2013,8
0,3,219,41,2,11,5,0,2,250,83.0,0.11,0,0.0,1,1000.0,2013,3
0,3,219,41,2,11,5,0,2,250,83.0,0.0,0,0.0,2,1000.0,2013,4
0,3,112,41,2,10,5,4,2,275,83.0,0.11,1,0.0,2,1775.0,2012,10
0,18,18,2,0,10,26,3,2,20,83.0,0.11,0,0.0,7,1200.0,2012,7
0,18,61,2,0,10,2,4,2,250,83.0,0.11,5,0.0,8,1200.0,2012,7
0,3,112,41,2,10,5,4,2,250,83.0,0.0,0,0.0,4,1625.0,2012,5
0,3,112,41,2,10,5,4,2,250,83.0,0.11,0,0.0,0,1750.0,2012,6
0,9,149,2,3,10,2,4,2,275,83.0,0.1,0,0.0,2,1371.6,2012,4
0,3,148,2,2,8,5,4,1,121,83.0,0.12,0,0.0,0,1775.0,2011,12
0,0,265,37,8,20,2,0,2,320,82.92,0.0,0,0.0,0,890.0,2017,10
0,7,11,40,16,19,2,4,2,100,82.92,0.0,0,0.0,1,1350.0,2017,8
0,3,104,41,2,19,5,4,2,129,82.92,0.11,0,0.0,1,1500.0,2017,7
0,26,331,15,6,13,26,0,2,11,82.92,0.0,0,0.0,9,775.0,2015,9
0,24,29,15,23,15,14,4,0,250,82.92,0.11,0,0.0,1,1200.0,2015,7
0,24,15,15,18,13,14,4,1,4,82.92,0.0,0,0.0,0,1600.0,2015,7
0,18,71,15,4,15,26,0,0,11,82.92,0.13,0,0.0,3,1059.0,2015,7
0,18,49,15,18,15,2,4,1,275,82.92,0.12,2,0.0,8,1300.0,2015,6
0,0,41,15,8,14,12,3,2,300,82.92,0.11,0,0.0,16,11000.0,2014,8
0,29,87,37,24,11,20,4,2,1,82.92,0.12,0,0.0,0,1650.0,2014,6
0,29,303,37,24,11,20,4,2,1,82.92,0.12,0,0.0,4,1400.0,2014,6
0,9,9,40,3,13,2,4,2,250,82.92,0.1,0,0.0,1,1500.0,2014,4
0,9,9,40,3,13,5,0,2,26,82.92,0.1,0,0.0,2,1500.0,2014,3
0,3,112,41,2,11,5,4,2,250,82.92,0.11,0,0.0,2,1900.0,2013,9
0,3,112,41,2,11,5,0,1,250,82.92,0.0,0,0.0,0,1750.0,2013,3
0,9,111,40,3,11,2,4,2,250,82.92,0.11,0,0.0,2,1706.88,2013,3
0,3,10,41,2,11,14,4,2,250,82.92,0.11,3,0.0,5,1450.0,2013,1
0,18,217,2,0,10,26,0,2,15,82.92,0.1,0,0.0,4,1248.0,2012,7
0,33,82,15,18,10,14,0,3,1,82.92,0.0,0,0.0,17,1040.0,2012,7
0,18,147,2,0,10,26,4,2,100,82.92,0.14,1,0.0,4,1400.0,2012,3
0,14,201,33,13,19,21,4,2,27,82.83,0.1,0,0.0,3,1754.0,2017,10
0,9,237,40,3,19,2,4,2,50,82.83,0.11,1,1.0,2,1700.0,2017,6
0,0,265,37,8,15,27,2,1,320,82.83,0.11,0,2.0,2,905.0,2017,2
0,7,91,40,16,17,16,4,2,275,82.83,0.0,0,0.0,4,1250.0,2016,4
0,25,102,37,18,15,2,4,1,150,82.83,0.11,0,0.0,0,1900.0,2016,3
0,9,210,40,3,15,2,4,2,80,82.83,0.11,0,0.0,2,1219.2,2015,7
0,0,41,37,8,15,4,0,2,300,82.83,0.12,2,0.0,6,900.0,2015,5
0,3,112,19,6,13,14,4,3,100,82.83,0.0,0,0.0,1,1600.0,2015,3
0,30,23,37,18,13,14,1,3,300,82.83,0.0,0,0.0,9,1200.0,2015,2
0,9,9,40,3,13,2,4,2,250,82.83,0.1,0,0.0,4,1500.0,2014,3
0,3,245,2,2,11,26,0,2,40,82.83,0.0,4,0.0,4,1800.0,2014,1
0,3,112,41,2,11,5,4,2,125,82.83,0.11,0,0.0,3,1775.0,2013,5
0,27,13,15,22,10,0,4,2,300,82.83,0.11,0,0.0,5,1400.0,2013,4
0,18,145,2,0,10,5,4,2,250,82.83,0.12,2,0.0,10,1550.0,2012,8
0,18,297,2,0,10,2,4,0,250,82.83,0.12,0,0.0,7,1250.0,2012,7
0,9,210,2,3,10,2,4,2,250,82.83,0.11,0,0.0,10,1310.64,2012,7
0,18,145,2,0,10,26,4,3,250,82.83,0.11,0,0.0,2,1380.0,2012,6
0,7,241,40,18,7,28,5,3,250,82.83,0.0,1,0.0,3,1200.0,2011,8
0,9,244,40,3,19,5,4,2,275,82.75,0.11,0,0.0,8,1800.0,2017,10
0,9,237,40,3,19,2,4,2,50,82.75,0.11,0,0.0,4,1700.0,2017,9
0,9,244,40,3,19,2,4,2,50,82.75,0.1,0,0.0,1,1219.2,2017,9
0,9,210,40,3,19,2,4,2,25,82.75,0.1,0,0.0,1,1219.2,2017,8
0,13,248,2,20,19,23,1,0,2,82.75,0.12,0,0.0,15,1500.0,2017,8
0,9,94,40,3,19,2,4,2,25,82.75,0.12,0,0.0,0,157.8864,2017,6
0,26,330,5,18,17,27,0,2,8,82.75,0.0,0,0.0,0,650.0,2017,6
0,7,31,40,16,19,2,4,3,275,82.75,0.0,0,0.0,4,1250.0,2017,5
0,4,279,40,19,17,5,4,1,250,82.75,0.09,0,0.0,1,1850.0,2017,4
0,11,65,40,12,19,5,0,2,275,82.75,0.09,0,1.0,6,1400.0,2017,4
0,0,265,37,8,15,27,2,1,320,82.75,0.11,0,2.0,1,905.0,2016,4
0,2,318,37,25,15,3,0,2,3,82.75,0.1,0,0.0,0,1100.0,2016,4
0,2,170,37,25,15,3,4,2,3,82.75,0.11,0,0.0,2,1500.0,2016,4
0,3,112,41,2,13,5,4,0,250,82.75,0.0,0,0.0,2,1775.0,2014,11
0,16,188,37,1,13,8,4,1,29,82.75,0.12,0,0.0,0,1442.0,2014,11
0,9,124,40,3,13,16,4,2,250,82.75,0.13,0,0.0,2,1524.0,2014,6
0,3,112,2,2,13,26,4,2,275,82.75,0.12,0,0.0,0,165.0,2014,5
0,3,10,2,19,11,5,4,2,250,82.75,0.1,0,0.0,2,1300.0,2014,1
0,18,49,2,0,11,26,4,2,32,82.75,0.12,0,0.0,6,1550.0,2013,3
0,18,297,2,0,10,26,4,3,250,82.75,0.12,0,0.0,0,1200.0,2012,7
0,18,18,2,0,10,26,0,3,21,82.75,0.12,1,0.0,4,1200.0,2012,6
0,3,264,41,2,10,5,4,0,250,82.75,0.0,0,0.0,0,1625.0,2012,4
0,3,112,41,2,10,5,4,2,100,82.75,0.11,0,0.0,3,1775.0,2012,3
0,21,27,15,18,10,4,4,2,300,82.75,0.0,0,0.0,4,1100.0,2012,2
0,0,265,37,8,20,2,0,2,320,82.67,0.0,0,0.0,4,890.0,2017,10
0,0,265,37,8,17,2,0,1,320,82.67,0.11,0,2.0,3,934.0,2016,8
0,15,214,33,6,15,3,4,1,60,82.67,0.13,0,0.0,0,1300.0,2016,6
0,7,91,40,16,17,16,4,2,275,82.67,0.0,0,0.0,7,1200.0,2016,3
0,18,297,42,9,17,28,5,2,8,82.67,0.11,0,2.0,3,1300.0,2016,2
0,0,265,15,8,16,27,0,2,320,82.67,0.0,0,0.0,0,1.0,2015,10
0,27,133,37,1,13,14,4,2,93,82.67,0.12,0,0.0,0,1700.0,2014,12
0,27,169,37,1,13,2,4,2,77,82.67,0.12,0,0.0,4,1550.0,2014,12
0,26,333,37,6,13,26,4,2,10,82.67,0.08,0,0.0,0,1200.0,2014,11
0,18,150,2,0,13,26,0,2,11,82.67,0.11,0,0.0,0,1296.0,2014,8
0,29,183,37,24,11,20,4,2,1,82.67,0.12,0,0.0,0,1650.0,2014,6
0,26,51,24,6,12,26,4,2,10,82.67,0.11,0,0.0,0,1240.0,2013,12
0,28,218,37,21,11,5,4,1,300,82.67,0.11,0,0.0,0,1500.0,2013,9
0,3,112,41,2,10,5,4,1,250,82.67,0.11,0,0.0,3,1800.0,2013,1
0,9,9,40,3,10,5,4,2,275,82.67,0.11,0,0.0,0,1500.0,2012,7
0,18,213,2,0,10,14,4,3,36,82.67,0.11,0,0.0,2,1100.0,2012,6
0,18,160,2,0,10,26,4,3,23,82.67,0.12,0,0.0,0,950.0,2012,6
0,18,173,2,18,7,1,5,3,1,82.67,0.0,0,0.0,1,1400.0,2011,4
0,3,112,41,2,25,28,5,3,250,82.67,0.08,0,0.0,3,1800.0,2011,2
0,9,210,40,3,19,2,4,2,25,82.58,0.1,0,1.0,2,1219.2,2017,9
0,26,44,5,6,18,28,5,0,1,82.58,0.11,0,0.0,0,200.0,2017,2
0,13,2,15,23,15,26,3,0,150,82.58,0.13,0,0.0,6,1250.0,2015,9
0,28,285,2,18,13,28,4,2,1,82.58,0.12,0,0.0,0,800.0,2015,6
0,28,48,18,21,13,5,4,0,50,82.58,0.12,0,0.0,1,1450.0,2015,2
0,27,117,37,1,13,14,4,3,10,82.58,0.12,0,0.0,1,1317.0,2014,12
0,29,87,37,24,11,20,0,2,1,82.58,0.12,0,0.0,0,1650.0,2014,6
0,4,40,2,19,11,4,4,2,250,82.58,0.11,0,0.0,3,1300.0,2014,5
0,3,112,41,2,11,5,4,0,250,82.58,0.11,0,0.0,3,1750.0,2013,4
0,3,112,41,2,10,5,4,3,250,82.58,0.11,0,0.0,3,1750.0,2012,10
0,3,112,41,2,11,5,4,2,250,82.58,0.11,0,0.0,0,1750.0,2013,2
0,18,202,2,0,10,26,4,2,50,82.58,0.1,0,0.0,6,1250.0,2012,9
0,18,64,2,0,10,26,4,2,70,82.58,0.12,0,0.0,0,1150.0,2012,7
0,3,112,41,2,10,5,4,2,275,82.58,0.11,2,0.0,2,1775.0,2012,6
0,0,265,37,15,8,13,5,3,42,82.58,0.0,0,0.0,4,975.0,2011,10
0,0,265,37,8,20,2,0,2,320,82.5,0.11,0,0.0,4,890.0,2017,10
0,13,20,2,20,19,14,4,2,2,82.5,0.11,0,0.0,5,1250.0,2017,9
0,11,65,40,12,19,5,4,2,275,82.5,0.1,0,0.0,4,1400.0,2017,6
0,9,210,40,3,17,2,4,2,50,82.5,0.1,0,2.0,2,1219.2,2016,3
0,28,285,2,18,13,28,4,2,1,82.5,0.12,0,0.0,0,800.0,2015,6
0,28,48,18,21,13,5,4,3,50,82.5,0.11,0,0.0,0,1450.0,2015,2
0,27,133,37,1,13,14,4,2,37,82.5,0.12,0,0.0,1,1600.0,2014,12
0,18,49,15,18,11,14,4,2,2,82.5,0.0,0,0.0,1,1600.0,2014,4
0,0,265,37,18,12,27,3,1,69,82.5,0.11,0,0.0,0,1260.0,2014,1
0,9,210,40,3,11,2,4,2,250,82.5,0.12,0,0.0,4,1310.64,2013,5
0,3,112,41,2,11,5,4,2,250,82.5,0.11,0,0.0,1,1750.0,2013,5
0,9,210,40,3,11,2,4,2,250,82.5,0.11,0,0.0,0,1310.64,2013,2
0,18,231,2,0,10,26,4,3,10,82.5,0.13,0,0.0,10,1679.0,2012,9
0,18,321,2,0,10,26,4,2,10,82.5,0.12,0,0.0,5,1100.0,2012,7
0,18,145,2,0,10,26,3,3,28,82.5,0.11,0,0.0,2,1650.0,2012,6
0,0,34,37,15,10,2,3,0,300,82.5,0.0,0,0.0,4,1250.0,2012,3
0,3,112,41,2,10,5,4,2,275,82.5,0.11,1,0.0,3,1775.0,2012,3
0,11,66,15,18,19,14,4,2,1,82.42,0.12,0,1.0,6,1500.0,2017,9
0,9,237,40,3,19,2,4,2,50,82.42,0.1,0,1.0,2,1700.0,2017,9
0,9,237,40,3,17,2,4,2,50,82.42,0.12,0,0.0,0,1700.0,2017,6
0,9,94,40,3,19,2,4,2,20,82.42,0.12,0,0.0,0,157.8864,2017,6
0,3,104,41,2,17,5,4,2,43,82.42,0.11,0,0.0,1,1600.0,2016,8
0,2,318,37,25,15,3,4,2,3,82.42,0.1,0,0.0,0,1600.0,2016,4
0,27,14,37,1,16,19,4,2,10,82.42,0.13,0,0.0,7,2285.0,2015,11
0,0,265,15,8,16,27,0,2,320,82.42,0.0,0,0.0,0,1.0,2015,10
0,9,17,2,19,11,5,4,2,250,82.42,0.1,0,0.0,0,1400.0,2014,12
0,18,150,2,0,13,26,4,2,10,82.42,0.11,0,0.0,0,1296.0,2014,8
0,0,265,37,15,10,4,3,0,39,82.42,0.12,0,0.0,1,1000.0,2014,5
0,0,265,37,18,12,27,0,2,220,82.42,0.0,0,0.0,0,1260.0,2013,12
0,18,297,2,0,11,2,4,2,10,82.42,0.12,0,0.0,0,1170.0,2013,12
0,3,112,41,2,11,5,4,2,250,82.42,0.11,0,0.0,9,1775.0,2013,5
0,18,49,2,0,11,26,4,2,49,82.42,0.12,0,0.0,5,1560.0,2013,3
0,18,239,2,0,10,26,3,2,20,82.42,0.13,0,0.0,2,1400.0,2012,9
0,18,61,2,0,10,26,4,2,35,82.42,0.14,0,0.0,9,1300.0,2012,9
0,18,307,2,0,10,5,4,2,10,82.42,0.13,0,0.0,1,1170.0,2012,8
0,18,324,2,0,10,26,4,2,74,82.42,0.11,0,0.0,0,1300.0,2012,7
0,18,297,2,0,10,15,4,2,26,82.42,0.14,0,0.0,6,1350.0,2012,7
0,18,308,2,0,10,5,4,2,10,82.42,0.11,0,0.0,0,1150.0,2012,7
0,18,222,2,0,10,2,4,3,1,82.42,0.13,0,0.0,4,1250.0,2012,6
0,18,99,2,0,10,26,4,1,10,82.42,0.12,0,0.0,0,1450.0,2012,4
0,3,112,41,2,10,5,0,3,250,82.42,0.0,0,0.0,2,442.0,2012,1
0,3,112,41,2,8,5,4,2,250,82.42,0.0,0,0.0,2,1750.0,2011,12
0,3,112,41,2,23,28,5,3,0,82.42,0.02,0,0.0,1,1750.0,2011,9
0,11,65,40,12,19,5,4,2,275,82.33,0.1,0,1.0,8,1396.0,2017,4
0,0,265,37,8,17,2,0,1,320,82.33,0.11,0,2.0,3,934.0,2016,8
0,4,279,40,19,15,5,4,1,100,82.33,0.1,6,1.0,3,1850.0,2016,7
0,4,279,40,19,15,4,4,2,130,82.33,0.0,0,2.0,0,1550.0,2016,5
0,0,265,15,18,16,2,0,2,12,82.33,0.07,0,0.0,0,1268.0,2015,10
0,9,111,40,3,15,2,4,2,275,82.33,0.1,0,0.0,6,1676.4,2015,3
0,16,188,37,1,13,8,4,2,10,82.33,0.12,0,0.0,0,1450.0,2014,11
0,0,265,15,18,14,2,0,0,10,82.33,0.11,0,0.0,0,1100.0,2014,10
0,9,124,40,3,13,16,4,2,250,82.33,0.12,0,0.0,3,1524.0,2014,6
0,3,10,22,19,11,5,4,2,250,82.33,0.1,0,0.0,2,1300.0,2014,1
0,26,44,18,6,12,26,3,2,10,82.33,0.11,0,0.0,0,200.0,2013,12
0,26,274,24,6,12,26,4,2,10,82.33,0.11,0,0.0,0,600.0,2013,12
0,9,210,40,3,11,2,4,2,250,82.33,0.12,2,0.0,1,1310.64,2013,7
0,3,112,41,2,11,5,4,2,250,82.33,0.0,0,0.0,1,1750.0,2013,6
0,18,146,2,0,11,26,4,2,250,82.33,0.12,0,0.0,3,1300.0,2013,3
0,9,124,40,3,10,2,4,2,275,82.33,0.11,0,0.0,3,1752.6,2012,10
0,18,126,2,0,10,26,0,3,10,82.33,0.15,1,0.0,8,441.0,2012,9
0,18,297,2,0,10,2,4,2,10,82.33,0.13,0,0.0,9,1170.0,2012,8
0,9,210,2,3,10,2,4,2,250,82.33,0.1,2,0.0,5,1310.64,2012,5
0,0,103,37,15,10,13,0,2,16,82.33,0.12,0,0.0,2,1100.0,2012,4
0,18,242,2,0,10,26,4,2,10,82.33,0.11,0,0.0,0,1300.0,2012,3
0,0,265,37,15,10,13,4,2,44,82.33,0.11,0,0.0,2,950.0,2012,2
0,3,112,41,2,10,5,0,2,250,82.33,0.0,0,0.0,0,442.0,2012,1
0,9,200,40,3,17,16,4,2,275,82.25,0.11,0,2.0,2,1450.0,2016,8
0,0,265,15,8,16,27,0,2,180,82.25,0.0,0,0.0,9,1.0,2015,10
0,7,11,2,16,13,2,4,2,275,82.25,0.12,0,0.0,0,1500.0,2015,7
0,11,164,2,12,15,4,4,2,275,82.25,0.11,0,0.0,2,1350.0,2015,4
0,16,188,37,1,13,8,4,0,10,82.25,0.13,0,0.0,0,1180.0,2014,11
0,0,265,15,18,14,2,0,2,320,82.25,0.11,0,0.0,0,1100.0,2014,10
0,26,189,37,6,12,26,4,2,35,82.25,0.11,0,0.0,0,650.0,2013,12
0,18,297,2,0,11,13,4,0,150,82.25,0.12,0,0.0,4,1338.0,2013,7
0,18,32,2,0,10,2,4,3,10,82.25,0.16,3,0.0,8,533.0,2012,9
0,9,9,40,3,10,2,4,2,275,82.25,0.11,0,0.0,2,1390.8024,2012,9
0,18,297,2,0,10,2,4,2,10,82.25,0.13,0,0.0,3,1170.0,2012,8
0,18,129,2,0,10,26,4,2,40,82.25,0.12,0,0.0,13,1250.0,2012,8
0,18,297,2,0,10,26,4,2,250,82.25,0.11,0,0.0,0,1100.0,2012,7
0,18,33,2,0,10,26,4,2,250,82.25,0.1,0,0.0,3,900.0,2012,4
0,3,112,41,2,10,5,4,2,250,82.25,0.12,0,0.0,1,1750.0,2012,2
0,3,112,41,2,10,5,4,2,100,82.25,0.11,0,0.0,0,1775.0,2012,2
0,0,265,37,8,17,2,0,2,320,82.17,0.11,0,1.0,5,934.0,2016,8
0,11,65,40,12,15,5,4,1,200,82.17,0.11,0,1.0,2,1500.0,2016,6
0,27,227,43,1,15,2,4,2,30,82.17,0.13,1,0.0,6,1650.0,2015,11
0,27,199,37,22,16,14,4,2,300,82.17,0.12,0,0.0,1,1600.0,2015,10
0,0,265,15,8,16,27,0,2,320,82.17,0.0,0,0.0,1,1.0,2015,10
0,28,285,2,18,13,28,4,1,1,82.17,0.12,0,0.0,0,800.0,2015,6
0,11,164,2,12,15,4,4,2,275,82.17,0.11,0,0.0,2,1350.0,2015,4
0,9,17,40,6,13,2,4,0,250,82.17,0.09,0,0.0,4,1500.0,2015,3
0,27,119,37,1,13,14,4,2,10,82.17,0.12,0,0.0,1,1700.0,2014,12
0,18,297,2,0,11,14,4,2,200,82.17,0.12,0,0.0,0,1100.0,2014,7
0,18,146,15,18,11,14,4,3,2,82.17,0.1,1,0.0,1,1400.0,2014,4
0,26,317,37,6,12,26,1,2,60,82.17,0.11,0,0.0,0,1200.0,2013,12
0,26,85,5,18,10,26,4,2,80,82.17,0.0,0,0.0,0,800.0,2013,5
0,3,112,41,2,11,5,4,1,250,82.17,0.0,0,0.0,1,1750.0,2013,3
0,18,231,2,0,10,26,4,3,10,82.17,0.15,1,0.0,9,1144.0,2012,9
0,9,210,2,18,10,5,4,3,250,82.17,0.12,0,0.0,2,1350.0,2012,8
0,18,7,2,0,10,26,4,2,200,82.17,0.12,0,0.0,4,1000.0,2012,7
0,18,64,2,0,10,26,4,2,60,82.17,0.1,0,0.0,1,1200.0,2012,7
0,3,112,41,2,25,28,5,3,250,82.17,0.08,0,0.0,0,1800.0,2011,2
0,13,3,2,20,19,2,4,3,2,82.08,0.15,0,0.0,3,1300.0,2017,8
0,0,265,37,8,17,2,0,2,320,82.08,0.11,0,1.0,3,894.0,2016,8
0,0,265,15,8,16,27,0,2,320,82.08,0.0,0,0.0,1,1.0,2015,10
0,4,292,27,19,15,5,4,0,275,82.08,0.0,0,0.0,0,1300.0,2015,4
0,27,141,15,22,13,2,4,2,300,82.08,0.12,0,0.0,5,1500.0,2015,3
0,27,196,37,1,13,14,4,2,1,82.08,0.12,0,0.0,3,1600.0,2015,1
0,4,293,40,19,11,5,4,2,150,82.08,0.11,0,0.0,2,13.0,2014,3
0,18,61,2,0,10,26,4,2,35,82.08,0.13,0,0.0,7,1300.0,2012,9
0,18,278,2,0,10,26,4,2,250,82.08,0.13,3,0.0,13,1800.0,2012,8
0,18,61,2,0,10,26,4,2,15,82.08,0.11,0,0.0,11,1250.0,2012,7
0,33,82,15,18,10,14,0,2,1,82.08,0.12,0,0.0,2,1040.0,2012,7
0,18,297,2,0,10,26,4,2,250,82.08,0.11,0,0.0,1,1250.0,2012,7
0,11,93,40,12,19,5,4,2,275,82.0,0.12,0,0.0,1,1600.0,2017,6
0,11,105,40,12,17,5,0,2,275,82.0,0.1,0,1.0,7,1600.0,2017,4
0,0,265,37,8,17,2,0,2,230,82.0,0.11,0,2.0,3,944.0,2016,8
0,15,152,15,21,15,14,4,0,1,82.0,0.12,0,0.0,0,1250.0,2015,11
0,27,171,37,1,13,14,4,2,1,82.0,0.12,0,0.0,3,1350.0,2014,12
0,16,188,37,1,13,8,4,1,16,82.0,0.13,0,0.0,1,2500.0,2014,10
0,26,85,18,18,11,26,4,2,50,82.0,0.09,0,0.0,0,600.0,2014,7
0,28,285,2,18,11,28,4,2,1,82.0,0.11,0,0.0,0,800.0,2014,6
0,4,40,2,19,11,4,4,2,250,82.0,0.1,0,0.0,4,1300.0,2014,6
0,11,203,40,12,13,5,4,2,275,82.0,0.11,0,0.0,5,1400.0,2014,4
0,3,112,41,2,11,5,4,2,250,82.0,0.11,0,0.0,1,1900.0,2013,9
0,26,85,5,18,10,26,4,1,30,82.0,0.12,0,0.0,0,650.0,2013,6
0,0,174,15,18,10,13,0,0,1,82.0,0.11,0,0.0,0,1038.5,2013,5
0,18,69,2,0,10,26,4,2,15,82.0,0.12,0,0.0,1,940.0,2012,7
0,0,265,37,15,10,13,0,2,50,82.0,0.12,0,0.0,1,1000.0,2012,6
0,0,41,37,15,10,4,3,0,75,82.0,0.11,0,0.0,1,1050.0,2012,4
0,0,265,37,15,10,13,3,2,53,82.0,0.12,0,0.0,2,950.0,2012,2
0,9,210,15,18,10,2,4,2,250,82.0,0.0,0,0.0,10,1402.08,2012,2
0,9,210,40,3,19,2,4,2,25,81.92,0.1,0,0.0,1,1901.0,2017,8
0,9,244,40,3,19,2,4,2,50,81.92,0.11,0,2.0,0,1219.2,2017,6
0,11,65,39,12,19,5,4,2,274,81.92,0.12,0,0.0,1,1400.0,2017,6
0,0,177,35,8,18,4,0,2,305,81.92,0.11,0,0.0,4,1020.0,2016,10
0,7,91,40,16,13,2,4,2,275,81.92,0.11,0,0.0,2,1250.0,2015,5
0,9,200,40,3,15,4,4,2,275,81.92,0.11,0,0.0,7,1550.0,2015,4
0,27,168,37,1,13,14,4,2,114,81.92,0.12,0,0.0,4,1877.0,2015,1
0,34,185,15,18,13,21,4,3,13,81.92,0.0,1,0.0,3,1250.0,2014,6
0,26,274,24,6,10,26,1,2,35,81.92,0.11,0,0.0,0,1000.0,2013,12
0,18,49,2,0,11,2,4,2,450,81.92,0.12,0,0.0,6,1300.0,2013,3
0,18,45,2,0,10,26,3,3,10,81.92,0.13,2,0.0,7,981.0,2012,9
0,18,110,2,0,10,13,4,3,10,81.92,0.14,2,0.0,8,690.0,2012,9
0,18,297,2,0,10,14,4,2,30,81.92,0.12,0,0.0,4,1650.0,2012,7
0,18,100,2,0,10,2,4,2,62,81.92,0.12,0,0.0,0,1000.0,2012,7
0,0,103,37,15,10,13,0,2,8,81.92,0.12,0,0.0,3,1100.0,2012,2
0,3,72,41,2,26,28,5,3,250,81.92,0.09,0,0.0,1,1600.0,2011,2
0,9,210,40,3,19,2,4,2,25,81.83,0.1,1,0.0,1,157.8864,2017,8
0,4,279,30,18,17,4,2,2,15,81.83,0.0,1,0.0,4,1900.0,2017,2
0,0,177,35,8,17,13,0,2,200,81.83,0.11,0,1.0,3,973.0,2017,1
0,13,20,24,18,15,14,1,2,166,81.83,0.11,0,1.0,0,1250.0,2017,1
0,9,198,40,3,15,2,4,2,130,81.83,0.1,2,0.0,6,3280.0,2016,8
0,0,265,15,8,16,27,0,2,320,81.83,0.0,0,0.0,1,1.0,2015,10
0,0,265,15,8,16,27,0,2,300,81.83,0.0,0,0.0,0,1.0,2015,10
0,19,319,15,10,15,4,4,2,1,81.83,0.0,0,0.0,2,4001.0,2015,7
0,18,49,15,4,15,4,4,2,250,81.83,0.11,0,0.0,7,1425.0,2015,6
0,11,164,2,12,15,4,4,2,275,81.83,0.12,0,0.0,1,1400.0,2015,5
0,4,292,13,19,15,5,4,2,275,81.83,0.09,0,0.0,0,1300.0,2015,5
0,26,85,31,18,13,26,4,2,8,81.83,0.0,0,0.0,0,700.0,2015,4
0,13,156,5,6,13,26,1,3,300,81.83,0.11,2,0.0,6,1300.0,2015,3
0,16,130,37,1,13,8,4,2,24,81.83,0.13,0,0.0,0,1556.0,2014,10
0,0,265,15,18,14,2,0,2,320,81.83,0.11,0,0.0,0,1100.0,2014,10
0,11,65,2,12,13,5,0,2,275,81.83,0.1,0,0.0,4,1350.0,2014,5
0,18,259,15,18,13,26,4,2,280,81.83,0.11,0,0.0,0,1550.0,2014,4
0,3,112,41,2,11,5,4,1,50,81.83,0.0,2,0.0,0,1775.0,2013,7
0,0,269,37,18,10,2,3,1,300,81.83,0.12,0,0.0,0,1250.0,2013,3
0,9,210,40,3,11,2,4,2,250,81.83,0.11,0,0.0,1,1310.64,2013,2
0,18,297,2,0,10,2,4,2,302,81.83,0.12,0,0.0,2,1500.0,2012,8
0,18,61,2,0,10,26,3,2,15,81.83,0.12,0,0.0,10,1250.0,2012,7
0,0,41,37,15,8,13,5,3,58,81.83,0.02,0,0.0,2,925.0,2011,10
0,3,112,41,2,2,28,5,3,250,81.83,0.05,0,0.0,0,1700.0,2011,6
0,9,237,40,3,19,2,4,2,50,81.75,0.11,0,1.0,1,1700.0,2017,6
0,33,298,15,18,13,5,4,1,1,81.75,0.12,0,0.0,0,1040.0,2015,12
0,27,196,37,1,13,14,4,1,1,81.75,0.12,0,0.0,4,1600.0,2015,1
0,18,282,2,0,10,2,4,3,10,81.75,0.13,2,0.0,9,774.0,2012,9
0,18,202,2,0,10,26,4,2,42,81.75,0.11,0,0.0,1,1100.0,2012,9
0,18,145,2,0,10,26,4,3,28,81.75,0.12,0,0.0,1,1650.0,2012,6
0,3,112,41,2,8,5,4,2,250,81.75,0.0,0,0.0,1,1750.0,2011,12
0,0,265,37,8,20,2,0,2,320,81.67,0.11,0,0.0,5,890.0,2017,10
0,9,237,40,3,19,2,4,2,50,81.67,0.1,0,0.0,1,1700.0,2017,8
0,9,244,40,3,19,2,4,2,80,81.67,0.12,0,1.0,3,1219.2,2017,6
0,11,164,40,12,17,4,4,0,275,81.67,0.11,0,0.0,2,1450.0,2016,5
0,27,169,37,22,17,28,5,2,320,81.67,0.0,0,0.0,1,1800.0,2016,4
0,0,265,15,8,16,27,0,2,320,81.67,0.0,0,0.0,0,1.0,2015,10
0,27,169,37,1,13,14,4,2,20,81.67,0.12,0,0.0,0,1500.0,2015,1
0,27,119,37,1,11,14,4,2,10,81.67,0.12,0,0.0,7,1700.0,2014,12
0,0,265,15,18,14,2,4,2,300,81.67,0.1,0,0.0,2,1260.0,2014,10
0,11,65,2,12,13,5,0,2,275,81.67,0.1,0,0.0,5,1400.0,2014,5
0,4,279,40,19,11,5,4,2,275,81.67,0.11,0,0.0,3,1850.0,2014,4
0,26,44,24,6,12,26,3,2,10,81.67,0.11,0,0.0,0,150.0,2013,12
0,26,189,24,6,12,26,4,2,10,81.67,0.11,0,0.0,0,750.0,2013,12
0,18,146,2,0,11,26,4,2,310,81.67,0.12,0,0.0,6,1400.0,2013,3
0,9,124,40,3,10,2,4,2,275,81.67,0.11,0,0.0,4,1752.6,2012,10
0,18,294,2,0,10,26,4,2,100,81.67,0.13,1,0.0,13,1650.0,2012,9
0,18,311,2,0,10,2,4,2,15,81.67,0.11,0,0.0,4,1400.0,2012,8
0,18,297,2,0,10,2,4,2,275,81.67,0.11,0,0.0,2,1200.0,2012,7
0,18,146,2,0,10,2,4,2,250,81.67,0.11,0,0.0,2,1400.0,2012,4
0,18,230,2,0,10,5,3,2,12,81.67,0.11,0,0.0,4,940.0,2012,2
0,11,306,40,12,21,3,4,0,275,81.58,0.11,0,1.0,3,1200.0,2018,1
0,26,193,33,18,17,26,4,0,20,81.58,0.1,0,0.0,0,800.0,2016,7
0,4,293,40,19,15,5,4,2,250,81.58,0.12,0,0.0,1,13.0,2015,2
0,27,208,37,1,13,14,4,2,100,81.58,0.12,0,0.0,5,1800.0,2014,12
0,16,188,37,1,13,8,4,2,10,81.58,0.13,0,0.0,0,1100.0,2014,10
0,26,193,18,18,13,26,3,3,50,81.58,0.0,0,0.0,0,850.0,2014,8
0,0,265,37,15,12,27,4,0,300,81.58,0.12,0,0.0,3,1260.0,2013,11
0,9,210,40,3,11,2,4,2,250,81.58,0.12,0,0.0,1,1310.64,2013,7
0,18,146,2,0,11,26,4,2,310,81.58,0.12,0,0.0,9,1400.0,2013,3
0,18,145,2,0,10,11,0,3,28,81.58,0.11,0,0.0,0,1600.0,2012,6
0,18,145,2,0,10,26,0,3,28,81.58,0.11,0,0.0,2,1650.0,2012,6
0,28,80,33,18,8,28,5,3,12,81.58,0.01,0,0.0,0,1499.9208,2011,11
0,9,244,40,3,19,2,4,2,50,81.5,0.1,0,0.0,0,1219.2,2017,8
0,11,65,40,12,19,5,4,2,275,81.5,0.1,0,0.0,5,1400.0,2017,6
0,26,326,15,6,15,26,0,2,123,81.5,0.12,0,0.0,2,180.0,2015,9
0,19,320,2,10,15,4,4,2,1,81.5,0.0,0,0.0,4,1219.2,2015,7
0,4,203,2,19,13,5,4,2,250,81.5,0.12,1,0.0,2,1200.0,2015,1
0,16,188,37,1,13,8,4,2,15,81.5,0.12,0,0.0,0,1599.0,2014,11
0,9,210,40,3,13,14,4,2,250,81.5,0.12,0,0.0,0,1219.2,2014,9
0,26,193,18,18,13,26,4,0,50,81.5,0.11,0,0.0,0,900.0,2014,8
0,0,269,37,18,13,27,3,2,300,81.5,0.0,1,0.0,1,1200.0,2014,7
0,10,83,28,18,11,1,4,1,300,81.5,0.11,0,0.0,0,825.0,2014,5
0,26,274,24,6,12,26,1,2,5,81.5,0.11,0,0.0,0,600.0,2013,12
0,18,146,2,0,11,26,4,2,250,81.5,0.13,0,0.0,2,1150.0,2013,3
0,18,8,2,0,10,26,4,2,250,81.5,0.12,0,0.0,5,1600.0,2012,8
0,18,281,2,0,10,4,4,2,30,81.5,0.12,0,0.0,10,1100.0,2012,8
0,18,163,2,0,10,26,3,2,20,81.5,0.11,0,0.0,6,1000.0,2012,8
0,18,278,43,0,10,2,4,2,50,81.5,0.13,0,0.0,5,1250.0,2012,7
0,18,18,2,0,10,26,0,2,15,81.5,0.11,0,0.0,3,1100.0,2012,7
0,13,116,37,20,10,14,4,2,10,81.5,0.12,0,0.0,0,1400.0,2012,5
0,0,269,2,15,10,2,3,0,300,81.5,0.12,0,0.0,2,125.0,2012,4
0,9,237,40,3,17,4,4,2,450,81.42,0.1,0,0.0,0,1371.6,2016,3
0,0,41,37,8,16,4,0,2,300,81.42,0.11,0,0.0,2,1100.0,2015,12
0,11,164,2,12,15,4,4,2,275,81.42,0.12,0,0.0,1,1400.0,2015,5
0,26,335,37,6,13,26,4,2,10,81.42,0.12,0,0.0,0,110.0,2014,11
0,16,188,37,1,13,8,4,1,12,81.42,0.12,0,0.0,0,1422.0,2014,11
0,0,265,15,18,14,2,0,2,320,81.42,0.0,0,0.0,0,1100.0,2014,10
0,9,236,40,3,13,2,4,2,250,81.42,0.1,0,0.0,6,1550.0,2014,5
0,18,258,15,18,13,26,4,2,280,81.42,0.0,1,0.0,1,1550.0,2014,5
0,9,210,40,3,11,2,4,2,250,81.42,0.12,0,0.0,4,1310.64,2013,10
0,18,110,2,0,10,5,4,3,10,81.42,0.13,1,0.0,8,763.0,2012,9
0,18,62,2,0,10,26,4,3,20,81.42,0.13,0,0.0,1,1100.0,2012,6
0,3,112,41,2,8,5,0,2,250,81.42,0.11,0,0.0,0,1750.0,2011,11
0,11,65,40,12,18,5,4,1,275,81.33,0.11,0,2.0,3,1500.0,2016,6
0,18,297,40,9,17,28,5,2,220,81.33,0.12,0,2.0,0,1130.0,2016,2
0,0,41,37,8,16,4,0,2,300,81.33,0.11,0,0.0,14,1100.0,2015,11
0,11,164,2,12,15,4,4,2,275,81.33,0.09,0,0.0,4,1350.0,2015,5
0,0,161,37,8,14,27,1,2,300,81.33,0.12,0,0.0,6,1200.0,2014,12
0,24,74,15,18,13,14,4,2,2,81.33,0.14,0,0.0,3,1400.0,2014,11
0,16,188,37,1,13,8,4,2,31,81.33,0.13,0,0.0,1,1200.0,2014,11
0,11,237,2,12,13,4,4,2,275,81.33,0.12,0,0.0,3,1450.0,2014,1
0,18,278,2,0,10,26,4,2,250,81.33,0.13,4,0.0,13,1800.0,2012,8
0,18,297,2,0,10,26,4,3,70,81.33,0.12,0,0.0,4,1000.0,2012,7
0,26,84,33,18,15,26,0,2,20,81.25,0.12,0,0.0,0,680.0,2016,5
0,0,265,15,8,16,27,0,2,320,81.25,0.0,0,0.0,1,1.0,2015,10
0,20,127,40,5,15,4,4,2,275,81.25,0.1,0,0.0,4,1100.0,2015,7
0,11,164,2,12,15,4,4,2,275,81.25,0.12,0,0.0,1,1400.0,2015,5
0,9,111,34,6,13,15,4,1,36,81.25,0.09,0,0.0,2,1700.0,2015,3
0,27,134,37,1,13,14,4,2,100,81.25,0.13,0,0.0,5,1700.0,2014,12
0,26,189,24,6,12,26,3,2,10,81.25,0.11,0,0.0,0,650.0,2013,12
0,9,229,40,3,11,5,4,2,250,81.25,0.11,0,0.0,4,1524.0,2013,3
0,18,179,2,0,10,26,4,2,250,81.25,0.12,0,0.0,1,1500.0,2012,7
0,20,78,40,12,17,28,4,2,275,81.17,0.09,0,0.0,7,1200.0,2017,3
0,27,228,37,1,16,2,4,2,100,81.17,0.12,0,0.0,2,1050.0,2015,11
0,18,50,2,4,15,5,4,2,275,81.17,0.12,0,0.0,10,1200.0,2015,6
0,4,292,13,19,15,5,4,1,275,81.17,0.11,0,0.0,0,1300.0,2015,5
0,11,39,2,12,15,4,0,2,275,81.17,0.13,0,0.0,1,1450.0,2015,3
0,28,48,18,21,13,5,4,0,20,81.17,0.12,0,0.0,0,1450.0,2015,2
0,24,68,15,18,13,26,0,3,2,81.17,0.0,0,0.0,4,1200.0,2015,1
0,27,169,37,1,13,2,4,1,320,81.17,0.12,0,0.0,2,1550.0,2014,12
0,16,268,37,1,13,5,4,2,300,81.17,0.12,0,0.0,12,995.0,2014,11
0,4,40,2,19,13,4,4,2,250,81.17,0.11,0,0.0,3,1300.0,2014,5
0,18,278,2,0,10,26,0,2,250,81.17,0.13,3,0.0,7,1800.0,2012,8
0,9,210,2,18,10,5,4,2,250,81.17,0.12,0,0.0,4,1450.0,2012,8
0,0,265,37,15,10,13,0,2,17,81.17,0.12,0,0.0,1,1000.0,2012,1
0,0,6,37,18,17,13,0,2,500,81.08,0.11,5,0.0,8,695.0,2017,6
0,20,127,40,5,15,14,4,3,275,81.08,0.11,0,0.0,1,1100.0,2015,3
0,30,37,32,18,13,17,0,3,1,81.08,0.0,0,0.0,0,1706.88,2015,3
0,27,122,37,1,13,14,4,2,54,81.08,0.13,0,0.0,2,1456.0,2015,1
0,4,191,2,19,13,5,4,2,250,81.08,0.13,0,0.0,0,1500.0,2014,12
0,32,312,32,18,11,14,4,2,18,81.08,0.0,0,0.0,0,853.44,2014,5
0,18,232,2,0,10,26,4,3,100,81.08,0.13,5,0.0,16,1650.0,2012,9
0,18,247,2,0,10,26,4,2,30,81.08,0.12,0,0.0,2,1300.0,2012,9
0,18,243,2,0,10,26,4,2,40,81.08,0.11,0,0.0,5,1642.0,2012,8
0,18,277,2,0,10,26,4,2,15,81.08,0.1,0,0.0,1,1200.0,2012,7
0,7,11,40,16,19,2,4,2,100,81.0,0.0,0,2.0,6,1450.0,2017,8
0,9,198,40,3,17,2,4,2,120,81.0,0.09,0,0.0,8,3280.0,2016,8
0,9,210,40,3,15,2,4,2,250,81.0,0.11,0,0.0,1,1219.2,2015,7
0,26,85,31,18,15,26,4,1,10,81.0,0.12,0,0.0,0,758.0,2015,5
0,11,237,13,12,13,5,0,2,275,81.0,0.12,0,0.0,1,1350.0,2015,1
0,27,13,37,1,13,14,4,2,1,81.0,0.12,0,0.0,5,1525.0,2014,12
0,29,87,37,24,11,20,0,2,320,81.0,0.12,0,0.0,3,1700.0,2014,6
0,26,189,24,6,12,26,3,2,10,81.0,0.11,0,0.0,0,1100.0,2013,12
0,28,285,2,18,10,28,4,2,2,81.0,0.0,0,0.0,3,800.0,2013,5
0,18,180,2,0,10,14,4,2,10,81.0,0.12,0,0.0,12,950.0,2012,9
0,18,4,2,0,10,26,4,2,200,81.0,0.0,0,0.0,8,1100.0,2012,7
0,26,275,2,6,19,14,4,0,150,80.92,0.0,0,0.0,0,200.0,2017,12
0,9,210,40,3,19,2,4,2,25,80.92,0.1,0,0.0,2,1901.0,2017,8
0,14,140,37,13,19,21,4,2,150,80.92,0.11,0,0.0,3,1600.0,2017,7
0,18,297,40,9,19,2,4,2,240,80.92,0.11,0,0.0,11,1100.0,2017,5
0,19,225,15,10,15,14,1,3,2,80.92,0.0,0,0.0,5,1066.8,2015,7
0,27,162,37,1,13,14,4,2,250,80.92,0.12,0,0.0,0,1700.0,2014,12
0,0,161,37,8,14,27,0,2,300,80.92,0.12,0,0.0,8,1200.0,2014,12
0,26,328,37,6,13,26,4,2,10,80.92,0.09,0,0.0,0,550.0,2014,11
0,0,265,15,18,14,2,0,3,320,80.92,0.1,0,0.0,0,1100.0,2014,10
0,20,166,4,18,11,5,4,2,275,80.92,0.1,1,0.0,3,1050.0,2014,7
0,9,124,40,3,13,16,4,2,250,80.92,0.12,2,0.0,5,1524.0,2014,6
0,26,273,24,6,12,26,4,3,35,80.92,0.11,0,0.0,0,900.0,2013,12
0,26,189,24,6,12,26,1,2,5,80.92,0.11,0,0.0,0,688.0,2013,12
0,26,195,18,6,12,26,4,2,10,80.92,0.11,0,0.0,0,300.0,2013,12
0,18,123,2,0,10,26,4,2,60,80.92,0.13,0,0.0,12,1186.0,2012,7
0,15,214,33,6,17,3,4,2,20,80.83,0.0,0,0.0,0,1300.0,2017,6
0,9,209,2,19,11,5,4,2,250,80.83,0.11,0,0.0,1,1200.0,2014,5
0,18,179,2,0,10,4,3,2,15,80.83,0.13,0,0.0,7,1210.0,2012,8
0,18,202,2,0,10,26,4,2,30,80.83,0.11,0,0.0,3,1100.0,2012,8
0,18,297,2,0,10,2,4,2,100,80.83,0.13,0,0.0,1,100.0,2012,7
0,3,112,41,2,26,28,5,3,250,80.83,0.01,0,0.0,1,1800.0,2011,1
0,19,319,15,10,15,4,4,2,1,80.75,0.0,0,0.0,2,3825.0,2015,7
0,9,111,40,3,15,5,4,2,275,80.75,0.12,0,0.0,1,1706.88,2015,6
0,11,257,2,12,15,5,0,2,275,80.75,0.11,0,0.0,2,1450.0,2015,5
0,21,27,37,6,13,5,1,2,100,80.75,0.11,1,0.0,4,1680.0,2015,5
0,11,164,2,12,15,4,4,2,275,80.75,0.09,0,0.0,2,1350.0,2015,5
0,11,39,2,12,15,4,0,2,275,80.75,0.13,0,0.0,1,1450.0,2015,3
0,4,240,23,18,13,5,4,2,250,80.75,0.11,0,0.0,0,1300.0,2014,4
0,18,202,2,0,10,26,4,2,30,80.75,0.11,0,0.0,2,1200.0,2012,9
0,10,107,15,18,10,26,4,2,1,80.75,0.12,0,0.0,0,1000.0,2012,5
0,13,272,24,18,15,10,3,0,200,80.67,0.13,0,0.0,1,1350.0,2015,11
0,9,9,37,3,16,2,4,2,150,80.67,0.11,0,0.0,0,1500.0,2015,10
0,4,279,2,19,15,5,4,0,240,80.67,0.11,0,0.0,4,185.0,2015,2
0,16,268,37,1,13,5,4,1,100,80.67,0.12,0,0.0,1,995.0,2014,11
0,18,92,2,0,13,26,4,2,20,80.67,0.12,0,0.0,4,1200.0,2014,10
0,3,245,41,2,13,5,0,3,250,80.67,0.0,0,0.0,1,1550.0,2014,4
0,9,236,40,3,11,2,4,2,250,80.67,0.12,0,0.0,5,1550.0,2013,6
0,27,13,37,1,13,14,4,1,10,80.58,0.12,0,0.0,1,1400.0,2015,1
0,0,265,15,18,14,2,3,2,300,80.58,0.0,0,0.0,3,1200.0,2014,10
0,11,203,40,12,13,5,4,2,275,80.58,0.11,0,0.0,5,1400.0,2014,4
0,9,111,40,3,13,2,0,2,275,80.58,0.11,0,0.0,5,1383.792,2014,1
0,26,275,31,6,19,14,0,0,20,80.5,0.0,0,0.0,0,50.0,2017,12
0,9,244,40,3,19,5,4,2,275,80.5,0.1,0,0.0,4,1500.0,2017,9
0,11,206,40,12,19,4,4,2,15,80.5,0.11,0,0.0,5,1650.0,2017,8
0,17,43,15,13,17,28,5,2,1,80.5,0.12,0,0.0,0,280.0,2016,2
0,0,295,37,8,16,27,3,2,300,80.5,0.11,0,0.0,3,1250.0,2015,11
0,19,224,15,10,15,14,4,2,1,80.5,0.0,0,0.0,2,3800.0,2015,7
0,9,210,40,3,13,14,4,2,275,80.5,0.11,0,0.0,3,1219.2,2014,4
0,0,161,37,18,11,27,3,3,300,80.5,0.1,0,0.0,10,1250.0,2014,4
0,9,111,2,3,11,2,4,2,250,80.5,0.12,1,0.0,1,1859.28,2013,2
0,18,322,2,0,10,26,4,3,18,80.5,0.15,0,0.0,1,1450.0,2012,9
0,11,164,40,12,17,28,5,2,275,80.42,0.1,0,0.0,0,1450.0,2016,2
0,26,325,37,6,13,26,4,2,10,80.42,0.14,0,0.0,0,600.0,2014,11
0,7,77,15,18,11,2,4,2,2,80.42,0.0,0,0.0,1,1450.0,2014,4
0,2,318,15,18,11,14,4,2,1,80.42,0.17,0,0.0,14,1700.0,2014,1
0,26,189,24,7,12,26,4,2,10,80.42,0.11,0,0.0,0,600.0,2013,12
0,18,221,2,0,10,26,4,2,250,80.42,0.1,2,0.0,4,1050.0,2012,9
0,18,145,2,0,10,5,4,2,250,80.42,0.12,4,0.0,16,1550.0,2012,8
0,1,186,37,13,17,28,5,2,300,80.33,0.12,0,0.0,0,1700.0,2016,1
0,27,175,37,1,16,2,4,2,10,80.33,0.13,0,0.0,5,1700.0,2015,11
0,26,274,24,6,12,27,1,2,10,80.33,0.11,0,0.0,0,600.0,2013,12
0,9,210,40,3,11,2,4,2,250,80.33,0.11,1,0.0,4,1310.64,2013,6
0,0,42,35,8,20,4,0,2,440,80.25,0.11,0,1.0,1,995.0,2017,11
0,11,65,40,12,17,5,0,2,275,80.25,0.1,0,0.0,4,1400.0,2017,4
0,18,254,40,9,17,5,4,2,60,80.25,0.1,0,0.0,2,1600.0,2016,4
0,19,319,15,10,13,4,0,2,1,80.25,0.0,0,0.0,1,4287.0,2015,7
0,20,166,40,5,15,5,4,2,275,80.25,0.11,0,0.0,2,900.0,2015,2
0,26,52,24,6,12,26,3,2,5,80.25,0.11,0,0.0,0,700.0,2013,12
0,9,210,2,18,10,5,4,2,250,80.25,0.11,1,0.0,12,1400.0,2013,1
0,18,32,2,0,10,5,4,3,10,80.25,0.11,2,0.0,8,808.0,2012,9
0,33,73,15,18,19,3,1,3,1,80.17,0.0,0,0.0,2,1550.0,2017,5
0,20,127,15,5,15,5,4,3,275,80.17,0.11,0,0.0,2,1187.5,2015,4
0,11,164,2,12,15,4,4,2,275,80.17,0.11,0,0.0,0,1400.0,2015,1
0,9,210,40,3,11,2,4,2,250,80.17,0.11,0,0.0,2,1310.64,2013,8
0,18,61,2,0,10,26,4,2,20,80.17,0.11,0,0.0,2,1250.0,2012,10
0,18,322,2,0,10,26,4,2,15,80.17,0.14,1,0.0,2,1550.0,2012,9
0,18,297,2,0,10,2,4,2,15,80.17,0.12,0,0.0,12,1000.0,2012,9
0,9,210,2,3,10,2,4,2,250,80.17,0.11,0,0.0,5,1310.64,2012,5
0,0,161,37,8,20,2,2,2,440,80.08,0.11,0,0.0,5,1100.0,2017,11
0,26,336,37,6,13,26,4,2,10,80.08,0.07,0,0.0,0,850.0,2014,11
0,26,316,24,6,12,26,1,2,10,80.08,0.11,0,0.0,0,200.0,2013,12
0,26,44,24,6,12,26,4,2,10,80.08,0.11,0,0.0,0,150.0,2013,12
0,26,44,24,6,12,26,3,2,10,80.08,0.11,0,0.0,0,250.0,2013,12
0,18,322,2,0,10,26,4,3,13,80.08,0.15,0,0.0,0,1300.0,2012,9
0,18,97,2,0,10,26,4,2,10,80.08,0.14,1,0.0,17,1300.0,2012,8
0,20,127,40,12,19,5,4,2,275,80.0,0.1,0,0.0,5,1250.0,2017,6
0,19,79,15,10,15,14,4,2,1,80.0,0.0,0,0.0,4,3845.0,2015,7
0,18,253,15,18,13,26,4,2,280,80.0,0.0,0,0.0,2,1400.0,2014,5
0,26,44,24,6,12,26,4,2,10,80.0,0.11,0,0.0,0,250.0,2013,12
0,28,285,2,18,10,28,4,2,2,80.0,0.0,0,0.0,0,800.0,2013,5
0,18,61,2,0,10,26,4,2,20,80.0,0.12,0,0.0,9,1250.0,2012,9
0,18,238,2,0,10,14,4,2,256,80.0,0.11,0,0.0,12,1100.0,2012,9
0,18,49,2,0,11,2,4,2,400,79.92,0.12,0,0.0,4,1300.0,2013,3
0,18,180,2,0,10,14,4,2,10,79.92,0.12,1,0.0,7,1100.0,2012,9
0,18,297,2,0,10,2,4,3,82,79.92,0.0,0,0.0,0,1100.0,2012,8
0,18,125,2,0,10,4,4,2,250,79.92,0.11,0,0.0,3,1100.0,2012,7
0,18,61,2,0,10,26,0,2,100,79.92,0.12,0,0.0,6,1250.0,2012,7
0,18,297,2,0,10,13,4,2,209,79.92,0.11,0,0.0,0,1250.0,2012,7
0,14,140,6,13,19,22,4,3,200,79.83,0.11,0,1.0,5,1500.0,2017,8
0,9,237,40,3,19,2,4,2,50,79.83,0.1,0,0.0,2,1700.0,2017,8
0,20,127,15,5,13,5,4,2,75,79.83,0.11,0,0.0,0,1250.0,2015,3
0,18,297,2,0,10,26,4,2,250,79.83,0.12,0,0.0,3,1300.0,2012,7
0,26,276,33,18,13,26,0,3,28,79.75,0.0,0,0.0,0,1000.0,2015,3
0,26,19,18,18,11,26,4,0,50,79.75,0.1,0,0.0,0,600.0,2014,7
0,28,285,2,18,11,28,4,2,1,79.75,0.12,0,0.0,0,800.0,2014,6
0,4,28,15,18,11,4,4,1,275,79.75,0.1,0,0.0,4,1100.0,2013,9
0,18,146,2,0,11,26,4,2,310,79.75,0.12,0,0.0,4,1400.0,2013,3
0,18,49,2,0,11,2,4,2,275,79.75,0.13,0,0.0,4,1022.0,2013,3
0,18,49,2,0,11,2,4,2,380,79.75,0.12,0,0.0,5,1300.0,2013,3
0,18,322,2,0,10,2,4,3,12,79.75,0.14,0,0.0,0,1450.0,2012,9
0,18,294,2,0,10,26,4,3,36,79.75,0.12,0,0.0,7,1100.0,2012,6
0,9,210,40,3,17,2,4,2,25,79.67,0.1,0,2.0,1,1219.2,2017,6
0,7,31,40,16,17,2,4,1,275,79.67,0.0,0,0.0,12,1250.0,2017,3
0,28,285,2,18,11,28,4,0,1,79.67,0.12,0,0.0,0,800.0,2014,6
0,9,210,40,3,11,2,4,2,250,79.67,0.11,0,0.0,6,1310.64,2013,6
0,18,146,2,0,11,26,4,2,310,79.67,0.12,0,0.0,6,1400.0,2013,3
0,18,282,2,0,10,5,4,3,10,79.67,0.13,5,0.0,6,975.0,2012,9
0,18,62,2,0,10,13,4,3,253,79.67,0.0,0,0.0,9,1264.0,2012,6
0,18,283,2,0,10,26,4,3,50,79.58,0.12,0,0.0,11,1250.0,2012,9
0,18,145,2,0,10,5,4,2,250,79.58,0.13,0,0.0,5,1550.0,2012,8
0,3,112,41,2,25,28,5,3,250,79.58,0.1,0,0.0,4,1800.0,2011,2
0,20,127,40,5,15,5,0,2,275,79.5,0.12,0,0.0,6,1050.0,2015,7
0,26,189,15,6,13,26,0,3,10,79.5,0.0,0,0.0,1,700.0,2015,5
0,3,72,41,2,11,5,4,2,250,79.5,0.0,0,0.0,2,1550.0,2013,6
0,18,62,2,0,10,26,4,1,127,79.5,0.12,0,0.0,5,1100.0,2012,7
0,9,210,40,3,11,2,4,2,250,79.42,0.1,0,0.0,2,1219.2,2014,5
0,9,210,40,3,13,14,4,2,275,79.42,0.1,1,0.0,4,1219.2,2014,3
0,5,60,2,18,17,28,4,1,2,79.33,0.13,1,0.0,2,200.0,2017,6
0,3,216,23,18,11,5,4,2,250,79.33,0.0,0,0.0,3,1200.0,2014,1
0,26,193,18,18,13,26,4,0,50,79.25,0.11,0,0.0,0,850.0,2014,11
0,18,297,2,0,10,2,4,2,12,79.25,0.13,0,0.0,10,1000.0,2012,9
0,9,244,40,3,19,2,4,2,50,79.17,0.1,0,0.0,0,1219.2,2017,8
0,11,206,40,12,19,4,4,2,15,79.17,0.11,0,0.0,5,1650.0,2017,7
0,9,200,40,3,15,4,4,2,275,79.17,0.11,0,0.0,6,1550.0,2015,6
0,18,322,2,0,10,26,4,3,10,79.17,0.14,0,0.0,8,1550.0,2012,9
0,18,220,36,18,0,26,5,3,250,79.17,0.01,0,0.0,8,1200.0,2010,4
0,9,237,40,3,19,2,4,2,50,79.08,0.1,0,0.0,1,1700.0,2017,8
0,32,312,32,18,11,14,4,2,18,79.08,0.13,0,0.0,0,853.44,2014,6
0,18,322,2,0,10,26,4,3,13,79.08,0.16,0,0.0,2,1500.0,2012,9
0,18,277,2,0,10,26,4,1,10,79.08,0.1,0,0.0,0,1200.0,2012,7
0,9,210,40,3,13,14,4,2,250,79.0,0.12,0,0.0,3,1219.2,2014,9
0,11,121,15,12,13,16,4,2,275,79.0,0.11,0,0.0,12,1350.0,2014,4
0,23,233,40,18,10,26,4,3,280,79.0,0.0,0,0.0,4,1400.0,2013,1
0,18,118,2,0,10,13,0,3,14,79.0,0.12,0,0.0,12,1300.0,2012,9
0,18,322,2,0,10,26,3,2,16,79.0,0.14,3,0.0,17,1550.0,2012,9
0,18,146,2,0,11,26,4,2,250,78.92,0.12,0,0.0,8,1300.0,2013,3
0,18,322,2,0,10,26,4,3,14,78.92,0.16,0,0.0,0,1400.0,2012,9
0,20,124,2,12,17,5,1,2,1,78.83,0.1,0,2.0,4,1100.0,2017,5
0,9,210,40,3,11,2,4,2,250,78.75,0.12,1,0.0,8,1310.64,2013,7
0,18,297,2,0,10,26,4,2,20,78.75,0.14,0,0.0,0,1320.0,2012,8
0,18,297,2,0,10,26,3,3,35,78.75,0.14,0,0.0,0,1250.0,2012,7
0,18,207,2,0,10,2,4,3,10,78.75,0.12,0,0.0,0,1350.0,2012,6
0,2,318,15,18,11,26,4,2,1,78.67,0.0,0,0.0,5,1850.0,2014,4
0,18,314,2,0,10,5,4,3,20,78.67,0.13,0,0.0,2,1150.0,2012,9
0,9,210,40,3,13,14,4,2,250,78.58,0.12,0,0.0,3,1219.2,2014,9
0,26,85,18,18,11,26,4,2,50,78.58,0.1,0,0.0,0,800.0,2014,7
0,18,278,2,0,10,26,4,2,250,78.58,0.13,0,0.0,1,1400.0,2012,7
0,18,63,2,0,10,26,4,3,50,78.58,0.1,0,0.0,1,1300.0,2012,7
0,18,256,40,18,13,2,4,2,280,78.5,0.0,0,0.0,0,1600.0,2014,4
0,18,301,2,0,10,26,4,3,10,78.5,0.12,0,0.0,14,1400.0,2012,9
0,18,158,2,0,10,5,4,2,20,78.5,0.13,1,0.0,3,1200.0,2012,7
0,18,322,2,0,10,26,4,3,10,78.42,0.14,0,0.0,0,1500.0,2012,9
0,9,210,40,3,13,14,4,2,275,78.33,0.1,0,0.0,2,1219.2,2014,2
0,9,210,2,3,10,2,4,2,250,78.33,0.11,1,0.0,4,1310.64,2013,2
0,13,116,2,20,17,9,4,3,2,78.17,0.13,0,0.0,1,1300.0,2017,7
0,18,67,2,0,10,26,4,2,320,78.08,0.11,0,0.0,3,1050.0,2012,7
0,26,330,5,18,17,27,4,2,8,78.0,0.0,3,0.0,4,650.0,2017,6
0,11,121,15,12,13,16,0,2,275,78.0,0.11,2,0.0,6,1350.0,2014,5
0,9,210,40,3,13,14,4,2,275,78.0,0.1,1,0.0,2,1219.2,2014,2
0,9,210,40,3,11,2,4,2,250,78.0,0.11,3,0.0,9,1310.64,2013,4
0,18,180,2,0,10,14,4,2,10,78.0,0.12,2,0.0,7,850.0,2012,9
0,4,203,2,19,13,5,4,2,250,77.92,0.12,2,0.0,4,1200.0,2015,2
0,18,217,2,0,10,26,4,2,50,77.92,0.11,0,0.0,3,1248.0,2012,7
0,20,127,40,19,17,28,5,1,275,77.83,0.1,0,0.0,0,1000.0,2016,2
0,9,210,2,3,11,2,4,2,250,77.83,0.11,0,0.0,2,1310.64,2013,2
0,26,85,5,18,10,26,4,1,100,77.67,0.11,0,0.0,0,775.0,2013,5
0,18,61,2,0,10,26,4,2,23,77.5,0.13,0,0.0,3,1300.0,2012,9
0,9,210,2,3,11,2,4,2,250,77.42,0.11,2,0.0,15,1310.64,2013,1
0,0,265,37,8,20,2,0,2,320,77.33,0.0,0,0.0,3,890.0,2017,10
0,9,210,40,3,13,14,4,2,275,77.33,0.1,1,0.0,2,1219.2,2014,4
0,18,322,2,0,10,26,4,3,10,77.33,0.15,4,0.0,5,1500.0,2012,9
0,10,83,28,18,11,26,4,3,1,77.25,0.1,0,0.0,1,825.0,2014,5
0,18,180,2,0,10,14,4,2,10,77.17,0.12,1,0.0,11,1200.0,2012,9
0,18,220,36,18,0,26,5,3,250,76.75,0.0,0,0.0,0,1200.0,2010,4
0,18,61,2,0,10,26,4,2,10,76.42,0.13,0,0.0,14,1100.0,2012,7
0,9,210,40,3,10,2,4,2,250,76.33,0.11,0,0.0,8,1310.64,2012,4
0,18,322,2,0,10,26,4,3,11,76.17,0.16,2,0.0,4,1400.0,2012,9
0,18,284,2,0,10,2,4,2,20,76.08,0.12,0,0.0,12,1250.0,2012,9
0,11,121,15,12,13,16,0,2,275,76.0,0.11,0,0.0,7,1350.0,2014,5
0,24,22,15,18,10,28,4,2,1,75.83,0.12,0,0.0,2,1000.0,2013,5
0,9,210,2,3,10,2,4,2,250,75.58,0.11,0,0.0,15,1310.64,2012,7
0,18,213,2,0,10,14,4,3,36,75.17,0.12,0,0.0,8,1100.0,2012,6
0,18,322,2,0,10,26,4,3,14,74.92,0.17,0,0.0,6,1500.0,2012,9
0,18,49,2,0,11,26,4,2,275,74.67,0.12,0,0.0,7,1700.0,2013,3
0,9,210,40,3,11,2,4,2,250,74.33,0.11,1,0.0,1,1310.64,2013,6
0,18,58,2,0,10,26,4,2,20,74.33,0.14,3,0.0,11,1140.0,2012,9
0,11,121,15,12,13,16,4,2,275,73.42,0.11,1,0.0,16,1350.0,2014,4
0,18,252,40,18,13,26,4,3,280,72.92,0.0,1,0.0,1,1200.0,2014,5
0,10,165,8,18,6,28,5,3,85,72.33,0.08,1,0.0,0,1020.0,2011,8
0,4,203,2,19,13,5,4,2,250,71.75,0.11,0,0.0,7,1200.0,2015,2
